Name,Rtg,Card,Nation,DIV,HAN,KIC,REF,SPE,POS,Link
Casillas,95,toty,Spain,97,90,73,98,70,92,https://wefut.com/player/13/11568/casillas
Gianluigi Buffon,92,goldblue,Italy,93,88,70,90,65,94,https://wefut.com/player/13/13081/gianluigi-buffon
Victor Valdés,89,goldblue,Spain,88,87,81,89,63,94,https://wefut.com/player/13/13235/victor-valdes
Federico Marchetti,89,goldblue,Italy,91,87,69,93,60,89,https://wefut.com/player/13/13074/federico-marchetti
René Adler,89,goldblue,Germany,93,88,75,92,59,91,https://wefut.com/player/13/13050/rene-adler
Petr Čech,89,goldblue,Czech Republic,90,87,78,91,50,90,https://wefut.com/player/13/12996/petr-cech
Manuel Neuer,89,motm,Germany,93,85,91,92,57,87,https://wefut.com/player/13/12873/manuel-neuer
Casillas,89,goldrare,Spain,91,83,69,92,66,85,https://wefut.com/player/13/149/casillas
Manuel Neuer,88,goldif,Germany,92,83,91,91,57,85,https://wefut.com/player/13/12793/manuel-neuer
Mickaël Landreau,87,goldblue,France,87,84,87,91,36,85,https://wefut.com/player/13/13162/mickael-landreau
Igor Akinfeev,87,goldif,Russia,92,85,82,92,56,86,https://wefut.com/player/13/14234/igor-akinfeev
Hugo Lloris,87,goldif,France,92,87,75,92,68,87,https://wefut.com/player/13/12585/hugo-lloris
Manuel Neuer,87,goldrare,Germany,90,81,91,89,57,82,https://wefut.com/player/13/3743/manuel-neuer
Gianluigi Buffon,87,goldrare,Italy,89,83,67,86,61,89,https://wefut.com/player/13/43/gianluigi-buffon
Thibaut Courtois,86,goldblue,Belgium,84,94,67,90,55,87,https://wefut.com/player/13/13224/thibaut-courtois
Artur Moraes,86,goldblue,Brazil,87,87,79,86,51,88,https://wefut.com/player/13/12926/artur-moraes
Igor Akinfeev,86,motm,Russia,91,83,82,91,56,84,https://wefut.com/player/13/13142/igor-akinfeev
Steve Mandanda,86,goldif,France,89,86,81,89,53,88,https://wefut.com/player/13/12812/steve-mandanda
Hugo Lloris,86,goldrare,France,90,85,75,91,68,84,https://wefut.com/player/13/3811/hugo-lloris
Kevin Trapp,85,goldblue,Germany,89,82,79,87,58,85,https://wefut.com/player/13/13034/kevin-trapp
Samir Handanovič,85,goldif,Slovenia,89,85,80,89,57,90,https://wefut.com/player/13/12978/samir-handanovic
René Adler,85,goldif,Germany,88,83,72,88,56,86,https://wefut.com/player/13/12308/rene-adler
Igor Akinfeev,85,goldif,Russia,89,81,82,90,56,82,https://wefut.com/player/13/11353/igor-akinfeev
Steve Mandanda,85,goldif,France,87,84,81,88,53,86,https://wefut.com/player/13/11204/steve-mandanda
Victor Valdés,85,goldrare,Spain,83,81,78,84,60,91,https://wefut.com/player/13/1140/victor-valdes
Casillas,95,toty,Spain,97,90,73,88,59,87,https://wefut.com/player/13/13309/julio-cesar
Samir Handanovič,84,goldif,Slovenia,87,81,80,87,57,88,https://wefut.com/player/13/12833/samir-handanovic
Salvatore Sirigu,84,goldif,Italy,87,82,73,89,50,86,https://wefut.com/player/13/11735/salvatore-sirigu
Federico Marchetti,84,goldif,Italy,88,82,66,89,57,84,https://wefut.com/player/13/11223/federico-marchetti
Roman Weidenfeller,84,goldif,Germany,87,82,58,88,48,86,https://wefut.com/player/13/11186/roman-weidenfeller
René Adler,84,goldrare,Germany,87,81,72,86,56,83,https://wefut.com/player/13/12242/rene-adler
Steve Mandanda,84,goldrare,France,86,83,81,86,53,83,https://wefut.com/player/13/3410/steve-mandanda
Joe Hart,84,goldrare,England,86,77,79,87,61,81,https://wefut.com/player/13/2476/joe-hart
Igor Akinfeev,84,goldrare,Russia,88,80,82,89,56,78,https://wefut.com/player/13/2292/igor-akinfeev
Petr Čech,84,goldrare,Czech Republic,85,81,75,85,45,84,https://wefut.com/player/13/682/petr-cech
Kenneth Vermeer,83,goldblue,Netherlands,86,78,70,90,67,81,https://wefut.com/player/13/13181/kenneth-vermeer
Júlio César,83,goldif,Brazil,86,81,68,86,59,85,https://wefut.com/player/13/11601/julio-cesar
Roman Weidenfeller,83,goldif,Germany,86,81,58,86,48,85,https://wefut.com/player/13/11295/roman-weidenfeller
Salvatore Sirigu,83,goldrare,Italy,85,79,73,87,50,84,https://wefut.com/player/13/3837/salvatore-sirigu
Samir Handanovič,83,goldrare,Slovenia,84,78,80,84,57,86,https://wefut.com/player/13/3268/samir-handanovic
Federico Marchetti,83,goldrare,Italy,86,81,66,88,57,81,https://wefut.com/player/13/1921/federico-marchetti
Tim Wiese,83,goldrare,Germany,87,77,63,91,55,78,https://wefut.com/player/13/877/tim-wiese
José Reina,83,goldrare,Spain,83,78,91,84,50,83,https://wefut.com/player/13/480/jose-reina
Cédric Carrasso,83,gold,France,80,79,80,86,38,83,https://wefut.com/player/13/1328/cedric-carrasso
Asmir Begovic,82,goldblue,Bosnia Herzegovina,87,80,80,87,70,81,https://wefut.com/player/13/13003/asmir-begovic
Simon Mignolet,82,goldblue,Belgium,85,84,72,85,61,78,https://wefut.com/player/13/12937/simon-mignolet
René Adler,82,goldif,Germany,86,81,66,85,56,85,https://wefut.com/player/13/11277/rene-adler
Rui Patrício,82,goldif,Portugal,85,81,82,84,51,82,https://wefut.com/player/13/11241/rui-patricio
Marc-André ter Stegen,82,goldif,Germany,84,81,80,88,53,82,https://wefut.com/player/13/11150/marc-andre-ter-stegen
Maarten Stekelenburg,82,goldrare,Netherlands,86,79,80,83,34,80,https://wefut.com/player/13/13564/maarten-stekelenburg
Júlio César,84,motm,Brazil,89,84,75,80,34,82,https://wefut.com/player/13/12234/diego-lopez
Mickaël Landreau,82,goldrare,France,80,78,84,86,32,78,https://wefut.com/player/13/12212/mickael-landreau
Diego Alves,82,goldrare,Brazil,91,72,74,90,57,75,https://wefut.com/player/13/3643/diego-alves
Diego López,82,goldrare,Spain,81,84,75,80,34,82,https://wefut.com/player/13/2225/diego-lopez
Helton,82,goldrare,Brazil,83,81,77,85,66,81,https://wefut.com/player/13/1843/helton
Artur Moraes,82,goldrare,Brazil,82,83,78,82,50,83,https://wefut.com/player/13/1529/artur-moraes
Mickaël Landreau,82,goldrare,France,80,78,84,86,32,78,https://wefut.com/player/13/108/mickael-landreau
Maarten Stekelenburg,82,goldrare,Netherlands,86,79,80,83,34,80,https://wefut.com/player/13/70/maarten-stekelenburg
Fernando Muslera,82,gold,Uruguay,82,79,72,85,53,81,https://wefut.com/player/13/5478/fernando-muslera
Júlio César,82,gold,Brazil,84,80,68,84,59,82,https://wefut.com/player/13/676/julio-cesar
Roman Weidenfeller,82,gold,Germany,84,80,58,85,48,83,https://wefut.com/player/13/75/roman-weidenfeller
Sebastien Frey,82,gold,France,84,80,60,86,55,82,https://wefut.com/player/13/49/sebastien-frey
Victor,81,motm,Brazil,87,80,63,89,46,80,https://wefut.com/player/13/13143/victor
Thibaut Courtois,81,motm,Belgium,81,91,64,87,54,84,https://wefut.com/player/13/13015/thibaut-courtois
Mark Schwarzer,81,goldif,Australia,80,84,74,83,50,85,https://wefut.com/player/13/13016/mark-schwarzer
De Gea,81,goldif,Spain,87,73,85,88,51,77,https://wefut.com/player/13/11656/de-gea
Stéphane Ruffier,81,goldif,France,84,81,76,88,55,82,https://wefut.com/player/13/11394/stephane-ruffier
Stefano Sorrentino,81,goldif,Italy,84,81,70,84,58,81,https://wefut.com/player/13/11168/stefano-sorrentino
Marc-André ter Stegen,81,goldif,Germany,82,80,79,87,52,80,https://wefut.com/player/13/11057/marc-andre-ter-stegen
Michel Vorm,81,goldrare,Netherlands,83,74,76,84,65,82,https://wefut.com/player/13/1680/michel-vorm
Morgan De Sanctis,81,goldrare,Italy,82,80,66,81,34,84,https://wefut.com/player/13/124/morgan-de-sanctis
Diego Cavalieri,81,gold,Brazil,80,81,73,86,33,81,https://wefut.com/player/13/12248/diego-cavalieri
Rui Patrício,81,gold,Portugal,84,80,82,81,51,80,https://wefut.com/player/13/4946/rui-patricio
Jefferson,81,gold,Brazil,82,79,73,84,62,79,https://wefut.com/player/13/1519/jefferson
René Adler,81,gold,Germany,84,79,66,83,56,82,https://wefut.com/player/13/1399/rene-adler
Diego López,82,goldrare,Spain,81,84,77,84,50,81,https://wefut.com/player/13/346/tim-howard
Nick Rimando,80,goldblue,United States,84,80,67,84,72,80,https://wefut.com/player/13/14264/nick-rimando
Guilherme,80,goldif,Brazil,86,73,74,85,68,80,https://wefut.com/player/13/13979/guilherme
Benoît Costil,80,goldif,France,83,81,75,86,46,83,https://wefut.com/player/13/12855/benoit-costil
Thibaut Courtois,80,goldif,Belgium,77,90,64,85,51,81,https://wefut.com/player/13/12336/thibaut-courtois
Iraizoz,80,goldif,Spain,78,86,75,80,42,86,https://wefut.com/player/13/12273/iraizoz
Willy Caballero,80,goldif,Argentina,81,80,68,85,53,84,https://wefut.com/player/13/11717/willy-caballero
Ben Foster,80,goldif,England,84,80,74,84,50,79,https://wefut.com/player/13/11697/ben-foster
Bernd Leno,80,goldif,Germany,82,76,81,86,61,80,https://wefut.com/player/13/11676/bernd-leno
Jean Francois Gillet,80,goldif,Belgium,81,76,76,86,60,79,https://wefut.com/player/13/11372/jean-francois-gillet
De Gea,80,goldrare,Spain,85,71,85,87,51,74,https://wefut.com/player/13/7561/de-gea
Stéphane Ruffier,80,goldrare,France,82,80,76,87,55,80,https://wefut.com/player/13/3775/stephane-ruffier
Brad Friedel,80,goldrare,United States,77,83,78,80,45,83,https://wefut.com/player/13/289/brad-friedel
Mark Schwarzer,80,gold,Australia,76,81,74,80,50,82,https://wefut.com/player/13/14074/mark-schwarzer
Sven Ulreich,80,gold,Germany,83,77,77,84,50,77,https://wefut.com/player/13/12251/sven-ulreich
Stefano Sorrentino,80,gold,Italy,82,80,70,82,58,80,https://wefut.com/player/13/11957/stefano-sorrentino
Marc-André ter Stegen,80,gold,Germany,78,80,79,85,52,78,https://wefut.com/player/13/7411/marc-andre-ter-stegen
Victor,80,gold,Brazil,84,77,63,85,46,77,https://wefut.com/player/13/6257/victor
Wojciech Szczęsny,80,gold,Poland,84,79,69,83,50,74,https://wefut.com/player/13/6101/wojciech-szczesny
Vyacheslav Malafeev,80,gold,Russia,79,78,70,85,56,81,https://wefut.com/player/13/2286/vyacheslav-malafeev
Andrey Dikan,80,gold,Ukraine,81,72,78,84,45,82,https://wefut.com/player/13/2236/andrey-dikan
Fábio,80,gold,Brazil,76,77,72,84,61,83,https://wefut.com/player/13/1518/fabio
Stefano Sorrentino,80,gold,Italy,82,80,70,82,58,80,https://wefut.com/player/13/686/stefano-sorrentino
Shay Given,80,gold,Republic of Ireland,85,75,72,86,40,79,https://wefut.com/player/13/85/shay-given
Christian Abbiati,80,gold,Italy,84,75,73,84,50,77,https://wefut.com/player/13/45/christian-abbiati
David Ospina,79,goldif,Colombia,84,82,77,85,34,79,https://wefut.com/player/13/13242/david-ospina
Oliver Baumann,79,goldif,Germany,83,78,73,85,52,78,https://wefut.com/player/13/12895/oliver-baumann
Guillermo Ochoa,79,goldif,Mexico,85,70,75,85,47,76,https://wefut.com/player/13/11707/guillermo-ochoa
Felipe,79,goldif,Brazil,82,74,62,85,60,80,https://wefut.com/player/13/11373/felipe
Diego Cavalieri,79,goldif,Brazil,79,79,71,84,29,80,https://wefut.com/player/13/11288/diego-cavalieri
Thibaut Courtois,79,goldrare,Belgium,73,89,64,82,51,77,https://wefut.com/player/13/7346/thibaut-courtois
Iraizoz,79,goldrare,Spain,74,85,75,76,42,84,https://wefut.com/player/13/1308/iraizoz
Willy Caballero,79,gold,Argentina,78,78,68,83,53,82,https://wefut.com/player/13/12256/willy-caballero
Bernd Leno,79,gold,Germany,80,76,81,83,61,77,https://wefut.com/player/13/7440/bernd-leno
Guaita,79,gold,Spain,81,74,72,86,51,79,https://wefut.com/player/13/6831/guaita
Roberto,79,gold,Spain,77,78,83,85,51,78,https://wefut.com/player/13/5704/roberto
Tim Krul,79,gold,Netherlands,81,79,72,84,50,75,https://wefut.com/player/13/4103/tim-krul
Emiliano Viviano,79,gold,Italy,78,78,68,83,45,77,https://wefut.com/player/13/3830/emiliano-viviano
Benoît Costil,79,gold,France,79,78,75,83,46,81,https://wefut.com/player/13/2988/benoit-costil
Ali Al-Habsi,79,gold,Oman,83,74,70,83,41,76,https://wefut.com/player/13/2328/ali-al-habsi
Diego Benaglio,79,gold,Switzerland,82,75,71,82,52,76,https://wefut.com/player/13/1310/diego-benaglio
Jean Francois Gillet,79,gold,Belgium,79,75,76,84,60,77,https://wefut.com/player/13/1105/jean-francois-gillet
Yann Sommer,78,goldif,Switzerland,76,79,65,82,67,80,https://wefut.com/player/13/14142/yann-sommer
Esteban Alvarado,78,goldif,Costa Rica,83,75,75,84,45,73,https://wefut.com/player/13/12605/esteban-alvarado
Itumeleng Khune,78,goldif,South Africa,81,74,92,81,32,76,https://wefut.com/player/13/11679/itumeleng-khune
Kevin Trapp,78,goldif,Germany,81,76,76,81,56,78,https://wefut.com/player/13/11638/kevin-trapp
Kenneth Vermeer,78,goldif,Netherlands,81,72,67,86,64,77,https://wefut.com/player/13/11619/kenneth-vermeer
Bracalli,78,goldif,Brazil,78,79,73,80,37,81,https://wefut.com/player/13/11587/bracalli
Andrés Fernández,78,goldif,Spain,85,75,69,85,58,74,https://wefut.com/player/13/11306/andres-fernandez
Mark Schwarzer,80,gold,Australia,76,81,74,80,45,76,https://wefut.com/player/13/11259/cristian-dario-alvarez
Asmir Begovic,78,goldrare,Bosnia Herzegovina,82,75,77,83,67,74,https://wefut.com/player/13/12264/asmir-begovic
Guilherme,78,goldrare,Brazil,85,69,74,82,68,77,https://wefut.com/player/13/5282/guilherme
Nikolay Mihaylov,78,goldrare,Bulgaria,81,78,76,84,65,69,https://wefut.com/player/13/5099/nikolay-mihaylov
Claudio Bravo,78,goldrare,Chile,81,72,85,83,58,75,https://wefut.com/player/13/4504/claudio-bravo
Sven Ulreich,78,gold,Germany,81,73,75,83,48,74,https://wefut.com/player/13/6204/sven-ulreich
Ron-Robert Zieler,78,gold,Germany,78,78,74,79,52,77,https://wefut.com/player/13/6099/ron-robert-zieler
Felipe,78,gold,Brazil,80,73,62,84,60,78,https://wefut.com/player/13/5441/felipe
Przemysław Tytoń,78,gold,Poland,84,75,70,82,57,72,https://wefut.com/player/13/4583/przemyslaw-tyton
Ben Foster,78,gold,England,80,78,74,82,50,76,https://wefut.com/player/13/3309/ben-foster
José de Jesús Corona,78,gold,Mexico,76,80,74,77,47,82,https://wefut.com/player/13/2827/jose-de-jesus-corona
Vladimir Gabulov,78,gold,Russia,79,76,78,81,61,76,https://wefut.com/player/13/2269/vladimir-gabulov
Marco Storari,78,gold,Italy,79,78,68,82,53,79,https://wefut.com/player/13/1699/marco-storari
Diego Cavalieri,78,gold,Brazil,76,79,71,81,29,78,https://wefut.com/player/13/1698/diego-cavalieri
Anders Lindegaard,78,gold,Denmark,83,76,74,79,47,74,https://wefut.com/player/13/1498/anders-lindegaard
Nicolas Douchez,78,gold,France,79,76,70,81,39,77,https://wefut.com/player/13/1342/nicolas-douchez
Carlos Idriss Kameni,78,gold,Cameroon,84,79,63,86,44,69,https://wefut.com/player/13/1245/carlos-idriss-kameni
Aranzubia,78,gold,Spain,78,75,78,81,57,80,https://wefut.com/player/13/662/aranzubia
Vanderlei,77,goldif,Brazil,79,78,71,82,58,79,https://wefut.com/player/13/13943/vanderlei
Moisés Muñoz,77,goldif,Mexico,78,77,62,82,48,80,https://wefut.com/player/13/13056/moises-munoz
Ali Ahamada,77,goldif,France,80,75,75,80,43,77,https://wefut.com/player/13/11336/ali-ahamada
John Ruddy,77,goldif,England,80,69,71,82,43,77,https://wefut.com/player/13/11234/john-ruddy
Moyá,77,goldif,Spain,82,70,82,82,48,75,https://wefut.com/player/13/11161/moya
Sergio Romero,77,goldrare,Argentina,79,72,84,81,51,70,https://wefut.com/player/13/4410/sergio-romero
Rogério Ceni,77,goldrare,Brazil,81,73,94,69,49,85,https://wefut.com/player/13/465/rogerio-ceni
Cristian Darío Álvarez,78,goldif,Argentina,83,73,72,85,45,78,https://wefut.com/player/13/14083/rafael
Michael Rensing,77,gold,Germany,81,74,68,85,63,72,https://wefut.com/player/13/13908/michael-rensing
Fernando Prass,77,gold,Brazil,79,71,63,84,55,75,https://wefut.com/player/13/12218/fernando-prass
Gomes,77,gold,Brazil,82,69,64,86,50,76,https://wefut.com/player/13/11805/gomes
Beto,77,gold,Portugal,77,76,75,78,47,76,https://wefut.com/player/13/11804/beto
Oliver Baumann,77,gold,Germany,80,75,73,81,52,73,https://wefut.com/player/13/7724/oliver-baumann
Rafael,77,gold,Brazil,83,74,67,85,52,78,https://wefut.com/player/13/7401/rafael
Cristian Darío Álvarez,77,gold,Argentina,81,71,72,83,45,72,https://wefut.com/player/13/6622/cristian-dario-alvarez
Muriel,77,gold,Brazil,81,72,70,82,33,73,https://wefut.com/player/13/5982/muriel
Beto,77,gold,Portugal,77,76,75,78,47,76,https://wefut.com/player/13/5489/beto
David Ospina,77,gold,Colombia,81,79,77,82,34,75,https://wefut.com/player/13/4657/david-ospina
Cássio,77,gold,Brazil,81,74,75,80,42,75,https://wefut.com/player/13/3813/cassio
Fernando Prass,77,gold,Brazil,79,71,63,84,55,75,https://wefut.com/player/13/3459/fernando-prass
Alexis Thébaux,77,gold,France,78,77,70,86,36,76,https://wefut.com/player/13/3453/alexis-thebaux
Andrea Consigli,77,gold,Italy,80,76,70,82,52,76,https://wefut.com/player/13/3367/andrea-consigli
Jaroslav Drobný,77,gold,Czech Republic,77,74,60,84,39,77,https://wefut.com/player/13/2427/jaroslav-drobny
Andrés Fernández,77,gold,Spain,83,74,69,84,58,70,https://wefut.com/player/13/2176/andres-fernandez
Antonio Mirante,77,gold,Italy,80,79,67,81,60,74,https://wefut.com/player/13/1981/antonio-mirante
Guillermo Ochoa,77,gold,Mexico,82,68,75,83,47,72,https://wefut.com/player/13/1971/guillermo-ochoa
Marco Amelia,77,gold,Italy,76,75,70,80,50,77,https://wefut.com/player/13/1618/marco-amelia
Gomes,77,gold,Brazil,82,69,64,86,50,76,https://wefut.com/player/13/1525/gomes
Michael Rensing,77,gold,Germany,81,74,68,85,63,72,https://wefut.com/player/13/1400/michael-rensing
Robert Green,77,gold,England,80,72,74,83,50,73,https://wefut.com/player/13/1057/robert-green
Dudu Aouate,77,gold,Israel,81,72,76,85,49,75,https://wefut.com/player/13/357/dudu-aouate
Yann Sommer,76,goldrare,Switzerland,72,76,65,80,67,77,https://wefut.com/player/13/4883/yann-sommer
Itumeleng Khune,76,goldrare,South Africa,78,72,92,79,32,73,https://wefut.com/player/13/3604/itumeleng-khune
Toño,76,gold,Spain,80,71,72,81,55,76,https://wefut.com/player/13/14086/tono
Simon Mignolet,76,gold,Belgium,78,79,71,77,60,71,https://wefut.com/player/13/13580/simon-mignolet
Esteban Alvarado,76,gold,Costa Rica,80,73,75,81,45,70,https://wefut.com/player/13/8136/esteban-alvarado
Željko Brkić,76,gold,Serbia,80,76,51,78,55,78,https://wefut.com/player/13/7937/zeljko-brkic
Paulo Victor,76,gold,Brazil,79,77,73,78,38,76,https://wefut.com/player/13/7571/paulo-victor
Kevin Trapp,76,gold,Germany,78,74,76,78,56,74,https://wefut.com/player/13/6624/kevin-trapp
Bracalli,76,gold,Brazil,75,77,73,76,37,77,https://wefut.com/player/13/5073/bracalli
Mariano Andújar,76,gold,Argentina,74,75,60,75,51,79,https://wefut.com/player/13/4482/mariano-andujar
Simon Mignolet,76,gold,Belgium,78,79,71,77,60,71,https://wefut.com/player/13/4415/simon-mignolet
Javi Varas,76,gold,Spain,82,71,68,83,51,72,https://wefut.com/player/13/4331/javi-varas
Kenneth Vermeer,76,gold,Netherlands,77,70,67,84,64,74,https://wefut.com/player/13/3911/kenneth-vermeer
Anton Shunin,76,gold,Russia,73,79,72,81,43,75,https://wefut.com/player/13/3766/anton-shunin
Łukasz Fabiański,76,gold,Poland,78,70,74,84,50,76,https://wefut.com/player/13/3546/lukasz-fabianski
Geoffrey Jourdren,76,gold,France,80,72,76,80,47,78,https://wefut.com/player/13/3425/geoffrey-jourdren
Willy Caballero,76,gold,Argentina,75,78,68,80,52,77,https://wefut.com/player/13/1837/willy-caballero
Toño,76,gold,Spain,80,71,72,81,55,76,https://wefut.com/player/13/1772/tono
Steeve Elana,76,gold,France,82,78,65,79,36,70,https://wefut.com/player/13/1234/steeve-elana
Tom Starke,76,gold,Germany,78,75,68,80,52,75,https://wefut.com/player/13/1159/tom-starke
Gustavo Munúa,75,goldrare,Uruguay,81,70,84,77,49,73,https://wefut.com/player/13/13594/gustavo-munua
Gustavo Munúa,75,goldrare,Uruguay,81,70,84,77,49,73,https://wefut.com/player/13/2210/gustavo-munua
Simon Jentzsch,75,goldrare,Germany,77,75,67,77,36,74,https://wefut.com/player/13/100/simon-jentzsch
Juan Pablo Carrizo,75,gold,Argentina,74,73,82,80,59,77,https://wefut.com/player/13/12624/juan-pablo-carrizo
Ali Ahamada,75,gold,France,76,74,75,78,43,74,https://wefut.com/player/13/8067/ali-ahamada
Asmir Begovic,76,goldrare,Bosnia Herzegovina,81,73,77,82,56,70,https://wefut.com/player/13/5214/thomas-kraft
Fabricio,75,gold,Spain,73,81,65,75,52,74,https://wefut.com/player/13/4889/fabricio
Piet Velthuizen,75,gold,Netherlands,75,75,68,80,57,74,https://wefut.com/player/13/4765/piet-velthuizen
Keiren Westwood,75,gold,Republic of Ireland,79,73,74,80,50,70,https://wefut.com/player/13/4365/keiren-westwood
Juan Pablo Carrizo,75,gold,Argentina,74,73,82,80,59,77,https://wefut.com/player/13/3781/juan-pablo-carrizo
Yuriy Zhevnov,75,gold,Belarus,78,74,73,75,48,76,https://wefut.com/player/13/3768/yuriy-zhevnov
Brad Guzan,75,gold,United States,79,75,70,77,54,71,https://wefut.com/player/13/3502/brad-guzan
John Ruddy,75,gold,England,77,68,71,79,43,75,https://wefut.com/player/13/3385/john-ruddy
Romuald Peiser,75,gold,France,76,73,69,77,38,73,https://wefut.com/player/13/3086/romuald-peiser
Alexandros Tzorvas,75,gold,Greece,78,72,68,78,49,74,https://wefut.com/player/13/2426/alexandros-tzorvas
Michael Agazzi,75,gold,Italy,78,72,62,80,53,76,https://wefut.com/player/13/1432/michael-agazzi
Jérémie Janot,75,gold,France,75,72,66,77,51,75,https://wefut.com/player/13/1337/jeremie-janot
Fabien Audard,75,gold,France,78,70,74,81,32,75,https://wefut.com/player/13/1242/fabien-audard
Moyá,75,gold,Spain,80,69,82,79,48,72,https://wefut.com/player/13/1205/moya
Raphael Schäfer,75,gold,Germany,77,71,64,79,31,75,https://wefut.com/player/13/671/raphael-schafer
Johan Wiland,75,gold,Sweden,74,74,71,80,46,77,https://wefut.com/player/13/526/johan-wiland
Quim,75,gold,Portugal,74,76,77,74,31,75,https://wefut.com/player/13/449/quim
Paddy Kenny,75,gold,Republic of Ireland,74,71,74,78,51,77,https://wefut.com/player/13/381/paddy-kenny
Paul Robinson,75,gold,England,75,74,82,78,50,73,https://wefut.com/player/13/322/paul-robinson
Timo Hildebrand,75,gold,Germany,78,74,70,77,56,74,https://wefut.com/player/13/276/timo-hildebrand
Luca Castellazzi,75,gold,Italy,76,74,65,77,57,78,https://wefut.com/player/13/179/luca-castellazzi
Rául Fernàndez,74,silverblue,Peru,81,77,64,81,54,79,https://wefut.com/player/13/14253/raul-fernandez
Silvio Proto,74,silverblue,Belgium,85,74,76,84,71,72,https://wefut.com/player/13/13189/silvio-proto
Yoann Thuram-Ulien,74,silverblue,France,82,74,64,81,42,79,https://wefut.com/player/13/13170/yoann-thuram-ulien
Kossi Agassa,74,silverblue,Togo,83,84,56,80,68,75,https://wefut.com/player/13/12949/kossi-agassa
Marcelo Lomba,74,silverif,Brazil,79,74,68,81,31,75,https://wefut.com/player/13/13990/marcelo-lomba
Nick Rimando,74,silverif,United States,80,75,64,80,69,74,https://wefut.com/player/13/13881/nick-rimando
Daniel Örlund,74,silverif,Sweden,73,75,67,81,56,74,https://wefut.com/player/13/13870/daniel-orlund
Vanderlei,74,silverif,Brazil,76,75,71,80,58,76,https://wefut.com/player/13/13155/vanderlei
Pinto,74,silverif,Spain,82,78,78,72,43,71,https://wefut.com/player/13/13144/pinto
Jelle ten Rouwelaar,74,silverif,Netherlands,75,73,68,74,52,77,https://wefut.com/player/13/12989/jelle-ten-rouwelaar
Rémy Vercoutre,74,silverif,France,80,74,73,83,36,76,https://wefut.com/player/13/12804/remy-vercoutre
Philipp Tschauner,74,silverif,Germany,77,75,60,78,53,70,https://wefut.com/player/13/12616/philipp-tschauner
Stipe Pletikosa,74,silverif,Croatia,77,74,73,76,64,81,https://wefut.com/player/13/12596/stipe-pletikosa
Christian Puggioni,74,silverif,Italy,77,75,65,80,50,78,https://wefut.com/player/13/12301/christian-puggioni
Julián Speroni,74,silverif,Argentina,80,73,69,79,58,73,https://wefut.com/player/13/12284/julian-speroni
Moisés Muñoz,74,silverif,Mexico,75,74,62,79,48,76,https://wefut.com/player/13/11708/moises-munoz
Kristoffer Nordfeldt,74,silverif,Sweden,76,71,65,80,67,72,https://wefut.com/player/13/11667/kristoffer-nordfeldt
Kasper Schmeichel,74,silverif,Denmark,78,74,83,81,57,73,https://wefut.com/player/13/11630/kasper-schmeichel
Gerhard Tremmel,74,silverif,Germany,78,72,59,79,48,75,https://wefut.com/player/13/11419/gerhard-tremmel
Ádám Bogdán,74,silverif,Hungary,77,73,69,80,52,75,https://wefut.com/player/13/11355/adam-bogdan
Palop,74,silverif,Spain,76,73,77,70,54,82,https://wefut.com/player/13/11319/palop
Jussi Jääskeläinen,74,silverif,Finland,80,72,70,76,50,77,https://wefut.com/player/13/11252/jussi-jaaskelainen
Cirilo Saucedo,74,silverif,Mexico,77,77,71,73,42,73,https://wefut.com/player/13/11197/cirilo-saucedo
David Stockdale,74,silverrare,England,76,72,79,76,50,72,https://wefut.com/player/13/12154/david-stockdale
Carlo Cudicini,74,silverrare,Italy,72,76,68,75,42,75,https://wefut.com/player/13/11990/carlo-cudicini
Dida,74,silverrare,Brazil,75,70,67,68,55,88,https://wefut.com/player/13/11989/dida
Lars Unnerstall,74,silverrare,Germany,77,70,62,79,35,74,https://wefut.com/player/13/8588/lars-unnerstall
Costel Pantilimon,74,silverrare,Romania,75,70,70,77,48,75,https://wefut.com/player/13/7460/costel-pantilimon
Wolfgang Hesl,74,silverif,Germany,74,72,74,77,29,74,https://wefut.com/player/13/5992/fabiano
David Stockdale,74,silverrare,England,76,72,79,76,50,72,https://wefut.com/player/13/5465/david-stockdale
Ralf Fährmann,74,silverrare,Germany,78,71,73,81,53,69,https://wefut.com/player/13/5165/ralf-fahrmann
Sergio Asenjo,74,silverrare,Spain,81,74,68,74,50,69,https://wefut.com/player/13/5097/sergio-asenjo
Pär Hansson,74,silverrare,Sweden,84,63,83,79,35,72,https://wefut.com/player/13/4890/par-hansson
Jung Sung Ryong,74,silverrare,Korea Republic,75,71,88,72,41,74,https://wefut.com/player/13/4636/jung-sung-ryong
Nukri Revishvili,74,silverrare,Georgia,78,75,67,77,43,70,https://wefut.com/player/13/4548/nukri-revishvili
Fraser Forster,74,silverrare,England,74,77,66,78,41,77,https://wefut.com/player/13/4279/fraser-forster
Wayne Hennessey,74,silverrare,Wales,79,70,73,79,50,71,https://wefut.com/player/13/4055/wayne-hennessey
Kasper Schmeichel,74,silverrare,Denmark,74,72,83,78,56,70,https://wefut.com/player/13/3384/kasper-schmeichel
Jonathan Orozco,74,silverrare,Mexico,77,71,74,75,41,74,https://wefut.com/player/13/3331/jonathan-orozco
Marcelo Boeck,74,silverrare,Brazil,75,74,70,76,34,73,https://wefut.com/player/13/2807/marcelo-boeck
Michael Gspurning,74,silverrare,Austria,70,73,70,81,42,75,https://wefut.com/player/13/2537/michael-gspurning
Stipe Pletikosa,74,silverrare,Croatia,74,72,73,73,64,78,https://wefut.com/player/13/2100/stipe-pletikosa
Thomas Sørensen,74,silverrare,Denmark,77,68,73,77,64,76,https://wefut.com/player/13/1542/thomas-sorensen
Doni,74,silverrare,Brazil,74,73,65,79,50,75,https://wefut.com/player/13/1496/doni
Paulo Lopes,74,silverrare,Portugal,75,78,66,74,43,74,https://wefut.com/player/13/925/paulo-lopes
Heinz Müller,74,silverrare,Germany,75,73,74,75,55,75,https://wefut.com/player/13/770/heinz-muller
Silvio Proto,74,silverrare,Belgium,82,68,73,81,68,67,https://wefut.com/player/13/657/silvio-proto
Nicolas Penneteau,74,silverrare,France,74,71,78,78,42,77,https://wefut.com/player/13/361/nicolas-penneteau
Albano Bizzarri,74,silverrare,Argentina,74,72,70,74,51,78,https://wefut.com/player/13/330/albano-bizzarri
Palop,74,silverrare,Spain,75,72,77,67,54,81,https://wefut.com/player/13/208/palop
Rémy Vercoutre,74,silverrare,France,77,72,73,80,36,73,https://wefut.com/player/13/152/remy-vercoutre
Dida,74,silverrare,Brazil,75,70,67,68,55,88,https://wefut.com/player/13/106/dida
Carlo Cudicini,74,silverrare,Italy,72,76,68,75,42,75,https://wefut.com/player/13/41/carlo-cudicini
Stephan Andersen,74,silver,Denmark,75,68,70,76,54,74,https://wefut.com/player/13/13600/stephan-andersen
Samir Ujkani,74,silver,Albania,74,72,66,78,55,73,https://wefut.com/player/13/12491/samir-ujkani
Max Grün,74,silver,Germany,76,72,68,76,51,73,https://wefut.com/player/13/7797/max-grun
Kelvin Davis,74,silver,England,76,70,67,78,61,75,https://wefut.com/player/13/2546/kelvin-davis
Sergey Ryzhikov,74,silver,Russia,75,72,63,77,60,74,https://wefut.com/player/13/2276/sergey-ryzhikov
Stephan Andersen,74,silver,Denmark,75,68,70,76,54,74,https://wefut.com/player/13/1446/stephan-andersen
Kim Yong Dae,73,silverif,Korea Republic,74,72,69,77,35,75,https://wefut.com/player/13/13291/kim-yong-dae
Kim Byung Ji,73,silverif,Korea Republic,74,65,54,79,64,78,https://wefut.com/player/13/13067/kim-byung-ji
Oka Nikolov,73,silverif,FYR Macedonia,76,68,59,77,33,76,https://wefut.com/player/13/12844/oka-nikolov
Alex McCarthy,73,silverif,England,75,73,67,80,59,73,https://wefut.com/player/13/12822/alex-mccarthy
Iván Cuéllar,73,silverif,Spain,75,76,68,80,59,68,https://wefut.com/player/13/11745/ivan-cuellar
Nick Rimando,73,silverif,United States,77,73,64,77,69,71,https://wefut.com/player/13/11270/nick-rimando
Macedo Novaes,73,silverrare,Brazil,76,72,73,72,44,78,https://wefut.com/player/13/14175/macedo-novaes
Joel,73,silverrare,Spain,69,79,73,73,49,75,https://wefut.com/player/13/14138/joel
Fabian Giefer,73,silverrare,Germany,74,72,58,78,45,72,https://wefut.com/player/13/12361/fabian-giefer
Dani Hernández,73,silverrare,Venezuela,70,79,85,68,34,75,https://wefut.com/player/13/12360/dani-hernandez
Rául Fernàndez,73,silverrare,Peru,77,73,61,76,51,74,https://wefut.com/player/13/12181/raul-fernandez
Joel,73,silverrare,Spain,69,79,73,73,49,75,https://wefut.com/player/13/12157/joel
Rául Fernàndez,73,silverrare,Peru,77,73,61,76,51,74,https://wefut.com/player/13/9568/raul-fernandez
Balázs Megyeri,73,silverrare,Hungary,74,72,80,77,55,69,https://wefut.com/player/13/8499/balazs-megyeri
Joel,73,silverrare,Spain,69,79,73,73,49,75,https://wefut.com/player/13/7970/joel
Neto,73,silverrare,Brazil,73,71,60,79,66,73,https://wefut.com/player/13/7846/neto
Macedo Novaes,73,silverrare,Brazil,76,72,73,72,44,78,https://wefut.com/player/13/6490/macedo-novaes
Bruno,73,silverrare,Brazil,82,69,74,70,28,77,https://wefut.com/player/13/5637/bruno
Max Grün,74,silver,Germany,76,72,68,76,51,73,https://wefut.com/player/13/5438/denis
Adán,73,silverrare,Spain,71,76,64,75,55,72,https://wefut.com/player/13/4966/adan
Tobias Sippel,73,silverrare,Germany,77,70,73,79,60,67,https://wefut.com/player/13/4815/tobias-sippel
Sinan Bolat,73,silverrare,Turkey,75,70,78,76,55,69,https://wefut.com/player/13/3226/sinan-bolat
Codina,73,silverrare,Spain,78,70,73,79,43,68,https://wefut.com/player/13/2223/codina
Sebastián Saja,73,silverrare,Argentina,77,70,70,74,23,71,https://wefut.com/player/13/2066/sebastian-saja
Kossi Agassa,73,silverrare,Togo,77,79,55,73,67,67,https://wefut.com/player/13/1688/kossi-agassa
Bogdan Lobonţ,73,silverrare,Romania,68,68,74,76,50,80,https://wefut.com/player/13/1604/bogdan-lobon%C5%A3
Christian Wetklo,73,silverrare,Germany,76,68,61,80,58,72,https://wefut.com/player/13/1303/christian-wetklo
Juan Pablo,73,silverrare,Spain,77,72,69,79,55,68,https://wefut.com/player/13/1180/juan-pablo
Jussi Jääskeläinen,73,silverrare,Finland,77,71,70,73,50,75,https://wefut.com/player/13/199/jussi-jaaskelainen
Jasper Cillessen,73,silver,Netherlands,76,71,67,76,41,71,https://wefut.com/player/13/8621/jasper-cillessen
Sebastian Mielitz,73,silver,Germany,75,71,67,77,39,70,https://wefut.com/player/13/7643/sebastian-mielitz
Ádám Bogdán,73,silver,Hungary,75,72,69,76,52,72,https://wefut.com/player/13/5926/adam-bogdan
Christian Puggioni,73,silver,Italy,73,73,65,76,50,74,https://wefut.com/player/13/3105/christian-puggioni
Luis Michel,73,silver,Mexico,74,71,67,77,50,73,https://wefut.com/player/13/1852/luis-michel
Oswaldo Sánchez,73,silver,Mexico,72,72,68,71,45,72,https://wefut.com/player/13/1830/oswaldo-sanchez
Kim Young Kwang,73,silver,Korea Republic,75,71,70,74,54,71,https://wefut.com/player/13/1597/kim-young-kwang
Rubinho,73,silver,Brazil,75,71,61,77,47,73,https://wefut.com/player/13/1502/rubinho
Tomasz Kuszczak,73,silver,Poland,76,69,62,78,50,70,https://wefut.com/player/13/1045/tomasz-kuszczak
Boaz Myhill,73,silver,Wales,75,70,68,77,41,69,https://wefut.com/player/13/789/boaz-myhill
Julián Speroni,73,silver,Argentina,76,71,69,75,58,68,https://wefut.com/player/13/697/julian-speroni
Roy Carroll,73,silver,Northern Ireland,71,70,72,76,55,75,https://wefut.com/player/13/140/roy-carroll
David Marshall,72,silverif,Scotland,77,68,70,76,45,72,https://wefut.com/player/13/11102/david-marshall
Darren Randolph,72,silverrare,Republic of Ireland,71,72,75,72,61,73,https://wefut.com/player/13/13619/darren-randolph
Denis,73,silverrare,Brazil,74,77,70,79,53,69,https://wefut.com/player/13/5438/denis
Adán,73,silverrare,Spain,71,76,64,75,55,72,https://wefut.com/player/13/4966/adan
Erwin Mulder,72,silverrare,Netherlands,74,65,76,77,35,69,https://wefut.com/player/13/5672/erwin-mulder
Andris Vanins,72,silverrare,Latvia,73,77,68,76,37,65,https://wefut.com/player/13/4412/andris-vanins
Darren Randolph,72,silverrare,Republic of Ireland,71,72,75,72,61,73,https://wefut.com/player/13/4001/darren-randolph
Oscar Ustari,72,silverrare,Argentina,78,65,78,80,55,66,https://wefut.com/player/13/3740/oscar-ustari
Adam Federici,72,silverrare,Australia,74,71,76,76,50,69,https://wefut.com/player/13/3551/adam-federici
Aranha,72,silverrare,Brazil,84,67,70,77,50,66,https://wefut.com/player/13/3463/aranha
Hilário,72,silverrare,Portugal,75,66,59,81,50,69,https://wefut.com/player/13/3292/hilario
Ross Turnbull,72,silverrare,England,77,72,69,76,50,66,https://wefut.com/player/13/3261/ross-turnbull
Sergey Narubin,72,silverrare,Russia,69,74,68,76,42,72,https://wefut.com/player/13/3154/sergey-narubin
Cirilo Saucedo,72,silverrare,Mexico,72,76,71,71,42,70,https://wefut.com/player/13/3061/cirilo-saucedo
Roberto,72,silverrare,Spain,80,66,64,79,58,66,https://wefut.com/player/13/2184/roberto
Jaime,72,silverrare,Spain,68,72,59,74,53,77,https://wefut.com/player/13/2146/jaime
Copa,72,silverrare,Ivory Coast,76,70,53,83,62,62,https://wefut.com/player/13/1382/copa
Riesgo,72,silverrare,Spain,77,72,61,68,54,76,https://wefut.com/player/13/1217/riesgo
Pinto,72,silverrare,Spain,78,75,78,69,43,68,https://wefut.com/player/13/1185/pinto
Lars Hirschfeld,72,silverrare,Canada,70,76,65,73,20,74,https://wefut.com/player/13/951/lars-hirschfeld
Andreas Luthe,72,silver,Germany,73,68,69,76,45,71,https://wefut.com/player/13/7483/andreas-luthe
Vanderlei,72,silver,Brazil,73,72,71,76,58,73,https://wefut.com/player/13/6410/vanderlei
Dušan Kuciak,72,silver,Slovakia,75,67,66,74,31,75,https://wefut.com/player/13/6069/dusan-kuciak
Guy-Rolland Ndy Assembe,72,silver,Cameroon,75,72,65,74,42,70,https://wefut.com/player/13/5611/guy-rolland-ndy-assembe
Marcelo Lomba,72,silver,Brazil,75,71,68,77,31,72,https://wefut.com/player/13/4681/marcelo-lomba
Ricardo Berna,72,silver,Brazil,74,73,70,76,27,70,https://wefut.com/player/13/4678/ricardo-berna
Alberto Frison,72,silver,Italy,74,70,60,76,50,74,https://wefut.com/player/13/4374/alberto-frison
Gianluca Curci,72,silver,Italy,72,71,65,75,50,73,https://wefut.com/player/13/3822/gianluca-curci
Scott Loach,72,silver,England,74,67,65,77,56,71,https://wefut.com/player/13/3793/scott-loach
Calatayud,72,silver,Spain,73,69,63,76,56,72,https://wefut.com/player/13/1311/calatayud
Federico Agliardi,72,silver,Italy,72,68,60,76,50,74,https://wefut.com/player/13/1156/federico-agliardi
Gerhard Tremmel,72,silver,Germany,73,70,59,75,48,72,https://wefut.com/player/13/506/gerhard-tremmel
Chris Kirkland,72,silver,England,75,72,72,73,50,69,https://wefut.com/player/13/317/chris-kirkland
Matt Gilks,72,silver,Scotland,74,69,68,75,44,73,https://wefut.com/player/13/258/matt-gilks
Francesco Bardi,71,silverif,Italy,71,71,61,79,57,70,https://wefut.com/player/13/12866/francesco-bardi
Mathew Ryan,71,silverif,Australia,72,63,74,77,59,76,https://wefut.com/player/13/11612/mathew-ryan
Mattia Perin,71,silverif,Italy,72,66,60,78,57,72,https://wefut.com/player/13/11576/mattia-perin
Yoann Thuram-Ulien,71,silverif,France,78,68,61,75,39,73,https://wefut.com/player/13/11113/yoann-thuram-ulien
Gábor Babos,71,silverrare,Hungary,72,68,60,69,29,76,https://wefut.com/player/13/13819/gabor-babos
Brad Jones,71,silverrare,Australia,71,49,74,75,64,69,https://wefut.com/player/13/12371/brad-jones
Stephen Henderson,71,silverrare,Republic of Ireland,71,70,80,75,51,71,https://wefut.com/player/13/11561/stephen-henderson
Nicola Leali,71,silverrare,Italy,75,70,55,80,53,65,https://wefut.com/player/13/8937/nicola-leali
Sergio Padt,71,silverrare,Netherlands,82,64,73,73,68,66,https://wefut.com/player/13/7393/sergio-padt
Giedrius Arlauskis,71,silverrare,Lithuania,74,66,70,80,33,75,https://wefut.com/player/13/7376/giedrius-arlauskis
Kristoffer Nordfeldt,71,silverrare,Sweden,72,69,65,78,67,68,https://wefut.com/player/13/7348/kristoffer-nordfeldt
Ivan Turina,71,silverrare,Croatia,68,73,59,75,32,73,https://wefut.com/player/13/6950/ivan-turina
Eiji Kawashima,71,silverrare,Japan,77,66,67,76,63,69,https://wefut.com/player/13/5290/eiji-kawashima
Júlio César,71,silverrare,Brazil,68,73,75,70,52,73,https://wefut.com/player/13/4913/julio-cesar
Frank Fielding,71,silverrare,England,71,72,75,72,58,70,https://wefut.com/player/13/3961/frank-fielding
Cobeño,71,silverrare,Spain,66,80,79,65,48,78,https://wefut.com/player/13/3439/cobeno
Samir Ujkani,72,silver,Albania,72,71,66,76,51,71,https://wefut.com/player/13/2765/stephen-henderson
Germán Lux,71,silverrare,Argentina,77,62,63,76,29,69,https://wefut.com/player/13/1802/german-lux
Olivier Sorin,71,silverrare,France,69,77,71,69,32,74,https://wefut.com/player/13/1324/olivier-sorin
Bertrand Laquait,71,silverrare,France,72,74,69,72,30,72,https://wefut.com/player/13/1323/bertrand-laquait
Manuel Almunia,71,silverrare,Spain,74,71,75,73,50,67,https://wefut.com/player/13/1291/manuel-almunia
Steve Harper,71,silverrare,England,70,73,71,70,34,77,https://wefut.com/player/13/763/steve-harper
Nick Rimando,71,silverrare,United States,74,72,64,72,69,68,https://wefut.com/player/13/343/nick-rimando
Gábor Babos,71,silverrare,Hungary,72,68,60,69,29,76,https://wefut.com/player/13/228/gabor-babos
Baptiste Reynet,71,silver,France,72,68,67,75,41,70,https://wefut.com/player/13/9637/baptiste-reynet
Mika,71,silver,Portugal,72,73,68,73,37,70,https://wefut.com/player/13/8255/mika
Bojan Jorgacevic,71,silver,Serbia,74,65,62,73,63,72,https://wefut.com/player/13/5566/bojan-jorgacevic
Wolfgang Hesl,71,silver,Germany,71,69,71,74,54,72,https://wefut.com/player/13/5546/wolfgang-hesl
Giannis Arabatzis,71,silver,Greece,72,70,67,72,37,72,https://wefut.com/player/13/4977/giannis-arabatzis
Miguel Pinto,71,silver,Chile,73,69,67,74,59,71,https://wefut.com/player/13/4714/miguel-pinto
Júlio César,71,silver,Brazil,74,66,65,77,55,70,https://wefut.com/player/13/3659/julio-cesar
Alfredo Talavera,71,silver,Mexico,70,71,69,72,55,73,https://wefut.com/player/13/2832/alfredo-talavera
Moisés Muñoz,71,silver,Mexico,70,72,62,73,46,72,https://wefut.com/player/13/2820/moises-munoz
Daniel Örlund,71,silver,Sweden,70,72,67,78,56,70,https://wefut.com/player/13/1469/daniel-orlund
Andy Lonergan,71,silver,England,72,68,67,77,50,67,https://wefut.com/player/13/1359/andy-lonergan
Marc Ziegler,71,silver,Germany,72,69,72,68,27,74,https://wefut.com/player/13/1147/marc-ziegler
Markus Miller,71,silver,Germany,74,67,60,74,45,72,https://wefut.com/player/13/1056/markus-miller
Stijn Stijnen,71,silver,Belgium,72,65,65,74,39,75,https://wefut.com/player/13/1005/stijn-stijnen
Jelle ten Rouwelaar,71,silver,Netherlands,72,69,68,71,52,74,https://wefut.com/player/13/497/jelle-ten-rouwelaar
Flavio Roma,71,silver,Italy,71,70,64,72,27,73,https://wefut.com/player/13/19/flavio-roma
Bill Hamid,70,silverif,United States,74,74,51,70,66,64,https://wefut.com/player/13/12347/bill-hamid
Stephen Henderson,71,silverrare,Republic of Ireland,71,70,80,73,58,68,https://wefut.com/player/13/11430/eugene-galekovic
David Forde,70,silverif,Republic of Ireland,72,61,71,77,47,69,https://wefut.com/player/13/11215/david-forde
Keylor Navas,70,silverrare,Costa Rica,81,61,58,78,52,64,https://wefut.com/player/13/7551/keylor-navas
Waleed Abdullah,70,silverrare,Saudi Arabia,71,61,69,76,38,72,https://wefut.com/player/13/7276/waleed-abdullah
Juan Guillermo Castillo,70,silverrare,Uruguay,68,76,66,75,56,73,https://wefut.com/player/13/5140/juan-guillermo-castillo
Casilla,70,silverrare,Spain,67,74,61,68,32,73,https://wefut.com/player/13/4874/casilla
Enrique Palos,70,silverrare,Mexico,62,72,64,68,42,78,https://wefut.com/player/13/4187/enrique-palos
Dan Kennedy,70,silverrare,United States,73,61,63,74,58,76,https://wefut.com/player/13/3503/dan-kennedy
Johan Dahlin,70,silverrare,Sweden,68,74,69,68,30,75,https://wefut.com/player/13/3498/johan-dahlin
Édson Bastos,70,silverrare,Brazil,66,75,72,68,62,71,https://wefut.com/player/13/3466/edson-bastos
Colin Doyle,70,silverrare,Republic of Ireland,71,70,67,73,63,69,https://wefut.com/player/13/3282/colin-doyle
Thomas Kessler,70,silverrare,Germany,71,72,67,70,56,68,https://wefut.com/player/13/3039/thomas-kessler
Casto,70,silverrare,Spain,84,61,55,81,36,57,https://wefut.com/player/13/2773/casto
Rubén,70,silverrare,Spain,79,64,63,78,47,62,https://wefut.com/player/13/2252/ruben
Iván Cuéllar,70,silverrare,Spain,71,74,68,76,59,63,https://wefut.com/player/13/2242/ivan-cuellar
Leo Franco,70,silverrare,Argentina,66,72,79,71,31,72,https://wefut.com/player/13/2215/leo-franco
Dario Kresic,70,silverrare,Croatia,77,65,62,70,58,70,https://wefut.com/player/13/1676/dario-kresic
Laurent Pionnier,70,silverrare,France,68,73,66,76,44,76,https://wefut.com/player/13/1381/laurent-pionnier
Yohann Pelé,70,silverrare,France,70,71,70,70,51,71,https://wefut.com/player/13/1151/yohann-pele
Rune Almenning Jarstein,70,silverrare,Norway,74,67,75,77,40,66,https://wefut.com/player/13/1093/rune-almenning-jarstein
Stuart Taylor,70,silverrare,England,68,74,67,72,51,68,https://wefut.com/player/13/761/stuart-taylor
Ulrich Ramé,70,silverrare,France,67,71,68,69,59,76,https://wefut.com/player/13/94/ulrich-rame
Eugenio Lamanna,70,silver,Italy,69,68,65,73,57,70,https://wefut.com/player/13/14185/eugenio-lamanna
Emanuele Belardi,70,silver,Italy,68,70,60,71,49,75,https://wefut.com/player/13/12693/emanuele-belardi
Lee Camp,70,silver,Northern Ireland,72,70,68,72,35,65,https://wefut.com/player/13/11830/lee-camp
Eugene Galeković,70,silver,Germany,71,68,55,75,40,70,https://wefut.com/player/13/8057/felix-wiedwald
Eugenio Lamanna,70,silver,Italy,69,68,65,73,57,70,https://wefut.com/player/13/7094/eugenio-lamanna
Renan,70,silver,Brazil,68,71,63,76,38,69,https://wefut.com/player/13/6412/renan
David Yurchenko,70,silver,Russia,65,67,67,75,46,75,https://wefut.com/player/13/6391/david-yurchenko
Anton Amelchenko,70,silver,Belarus,72,69,71,73,46,72,https://wefut.com/player/13/6065/anton-amelchenko
Orestis Karnezis,70,silver,Greece,71,71,70,73,45,68,https://wefut.com/player/13/5648/orestis-karnezis
Vito Mannone,70,silver,Italy,70,71,63,71,50,66,https://wefut.com/player/13/5108/vito-mannone
Renan,70,silver,Brazil,74,66,73,73,31,69,https://wefut.com/player/13/4720/renan
Federico Vilar,70,silver,Argentina,66,68,70,77,62,68,https://wefut.com/player/13/2787/federico-vilar
Christian Gratzei,70,silver,Austria,67,73,72,74,60,66,https://wefut.com/player/13/2747/christian-gratzei
David Marshall,70,silver,Scotland,74,67,70,72,45,68,https://wefut.com/player/13/2005/david-marshall
Gino Coutinho,70,silver,Netherlands,74,69,66,74,55,66,https://wefut.com/player/13/1747/gino-coutinho
Francesco Benussi,70,silver,Italy,72,72,60,70,50,68,https://wefut.com/player/13/1686/francesco-benussi
Kim Yong Dae,70,silver,Korea Republic,69,69,69,71,35,70,https://wefut.com/player/13/1594/kim-yong-dae
Ufuk Ceylan,70,silver,Turkey,75,70,69,74,56,64,https://wefut.com/player/13/1453/ufuk-ceylan
Gianluca Pegolo,70,silver,Italy,71,69,63,75,47,71,https://wefut.com/player/13/1143/gianluca-pegolo
Daniel Haas,70,silver,Germany,71,70,65,73,45,70,https://wefut.com/player/13/1047/daniel-haas
Oka Nikolov,70,silver,FYR Macedonia,72,64,59,73,33,73,https://wefut.com/player/13/1041/oka-nikolov
Tommaso Berni,70,silver,Italy,70,69,65,73,51,71,https://wefut.com/player/13/1001/tommaso-berni
Lee Camp,70,silver,Northern Ireland,72,70,68,72,35,65,https://wefut.com/player/13/953/lee-camp
Sead Ramovic,70,silver,Bosnia Herzegovina,69,73,68,74,47,70,https://wefut.com/player/13/661/sead-ramovic
Jimmy Nielsen,70,silver,Denmark,72,63,71,75,37,70,https://wefut.com/player/13/469/jimmy-nielsen
Neil Alexander,70,silver,Scotland,72,73,61,68,54,74,https://wefut.com/player/13/334/neil-alexander
Emanuele Belardi,70,silver,Italy,68,70,60,71,49,75,https://wefut.com/player/13/74/emanuele-belardi
Gábor Király,70,silver,Hungary,70,68,64,74,35,67,https://wefut.com/player/13/36/gabor-kiraly
Simon Pouplin,69,silverif,France,70,69,65,72,51,70,https://wefut.com/player/13/11324/simon-pouplin
Jack Butland,69,silverrare,England,70,67,55,75,67,66,https://wefut.com/player/13/13649/jack-butland
Jack Butland,69,silverrare,England,70,67,55,75,67,66,https://wefut.com/player/13/9377/jack-butland
Rubén Miño,69,silverrare,Spain,64,75,62,69,56,73,https://wefut.com/player/13/7856/ruben-mino
Robbin Ruiter,69,silverrare,Netherlands,69,67,68,68,55,71,https://wefut.com/player/13/6890/robbin-ruiter
Falcón,69,silverrare,Spain,79,63,57,74,53,64,https://wefut.com/player/13/4145/falcon
Michael Tørnes,69,silverrare,Denmark,70,74,57,71,62,68,https://wefut.com/player/13/3303/michael-tornes
Ciro Polito,69,silverrare,Italy,67,69,65,72,64,69,https://wefut.com/player/13/3075/ciro-polito
Philipp Tschauner,69,silverrare,Germany,72,71,60,72,53,65,https://wefut.com/player/13/3053/philipp-tschauner
Dimitrios Konstantopoulos,69,silverrare,Greece,69,68,74,71,65,75,https://wefut.com/player/13/2578/dimitrios-konstantopoulos
Brian Vandenbussche,69,silverrare,Belgium,73,67,63,71,50,68,https://wefut.com/player/13/2325/brian-vandenbussche
Ivan Pelizzoli,69,silverrare,Italy,68,66,66,72,47,70,https://wefut.com/player/13/621/ivan-pelizzoli
Dorus de Vries,69,silverrare,Netherlands,71,67,77,76,54,63,https://wefut.com/player/13/495/dorus-de-vries
Giorgio Frezzolini,69,silverrare,Italy,66,66,60,70,34,78,https://wefut.com/player/13/180/giorgio-frezzolini
Ján Mucha,69,silver,Slovakia,72,69,64,74,41,63,https://wefut.com/player/13/14223/jan-mucha
Dani Giménez,69,silver,Spain,73,61,60,78,61,64,https://wefut.com/player/13/14190/dani-gimenez
Cameron Bell,69,silver,Scotland,71,67,63,74,24,68,https://wefut.com/player/13/13825/cameron-bell
Enrico Guarna,69,silver,Italy,67,68,60,75,47,70,https://wefut.com/player/13/12695/enrico-guarna
Mark Bunn,69,silver,England,70,68,72,75,48,64,https://wefut.com/player/13/12375/mark-bunn
Johny Placide,69,silver,Haiti,70,66,65,69,53,71,https://wefut.com/player/13/12207/johny-placide
Andrea Campagnolo,69,silver,Italy,68,66,60,70,51,72,https://wefut.com/player/13/12172/andrea-campagnolo
Faiz Al Sobea,69,silver,Saudi Arabia,71,67,65,77,47,68,https://wefut.com/player/13/10592/faiz-al-sobea
Joris Delle,69,silver,France,73,71,66,73,52,70,https://wefut.com/player/13/7826/joris-delle
Danijel Subašić,69,silver,Croatia,65,70,61,73,51,67,https://wefut.com/player/13/7450/danijel-subasic
Alex McCarthy,69,silver,England,71,68,67,74,59,68,https://wefut.com/player/13/6727/alex-mccarthy
Mohamed Amsif,69,silver,Morocco,73,64,60,77,47,62,https://wefut.com/player/13/6705/mohamed-amsif
Evgeniy Pomazan,69,silver,Russia,70,72,60,71,47,67,https://wefut.com/player/13/6396/evgeniy-pomazan
Raphael Wolf,69,silver,Germany,69,64,64,72,51,74,https://wefut.com/player/13/6289/raphael-wolf
Johny Placide,69,silver,Haiti,70,66,65,69,53,71,https://wefut.com/player/13/5031/johny-placide
Patric Klandt,69,silver,Germany,68,71,69,74,62,66,https://wefut.com/player/13/4823/patric-klandt
Ján Mucha,69,silver,Slovakia,72,69,64,74,41,63,https://wefut.com/player/13/4192/jan-mucha
Cameron Bell,69,silver,Scotland,71,67,63,74,24,68,https://wefut.com/player/13/3796/cameron-bell
Cássio,69,silver,Brazil,72,66,58,72,32,67,https://wefut.com/player/13/3656/cassio
Daniel Fernandes,69,silver,Portugal,74,64,68,75,39,63,https://wefut.com/player/13/3479/daniel-fernandes
Remko Pasveer,69,silver,Netherlands,70,66,67,69,46,71,https://wefut.com/player/13/3241/remko-pasveer
Enrico Guarna,69,silver,Italy,67,68,60,75,47,70,https://wefut.com/player/13/3102/enrico-guarna
Antonio Rosati,69,silver,Italy,68,66,50,76,46,72,https://wefut.com/player/13/2383/antonio-rosati
Roman Berezovskiy,69,silver,Armenia,68,72,68,68,42,71,https://wefut.com/player/13/2301/roman-berezovskiy
Sergei Pareiko,69,silver,Estonia,74,58,72,70,52,72,https://wefut.com/player/13/2267/sergei-pareiko
Dani Giménez,69,silver,Spain,73,61,60,78,61,64,https://wefut.com/player/13/2208/dani-gimenez
Marcelo Barovero,69,silver,Argentina,76,70,70,72,35,73,https://wefut.com/player/13/2059/marcelo-barovero
Alexander Walke,69,silver,Germany,68,66,64,76,56,66,https://wefut.com/player/13/1390/alexander-walke
Christofer Heimeroth,69,silver,Germany,64,68,55,74,44,72,https://wefut.com/player/13/1313/christofer-heimeroth
Marco Wölfli,69,silver,Switzerland,70,63,73,77,53,67,https://wefut.com/player/13/1304/marco-wolfli
Andrea Campagnolo,69,silver,Italy,68,66,60,70,51,72,https://wefut.com/player/13/1155/andrea-campagnolo
Espen Bugge Pettersen,69,silver,Norway,65,68,59,72,48,74,https://wefut.com/player/13/847/espen-bugge-pettersen
Eldin Jakupović,69,silver,Switzerland,72,68,66,70,46,68,https://wefut.com/player/13/844/eldin-jakupovic
Cristiano Lupatelli,69,silver,Italy,68,69,62,71,33,70,https://wefut.com/player/13/291/cristiano-lupatelli
David Meul,68,silverif,Belgium,70,66,59,72,39,67,https://wefut.com/player/13/11179/david-meul
Kim Byung Ji,68,silverrare,Korea Republic,67,62,54,72,64,71,https://wefut.com/player/13/12022/kim-byung-ji
Fabian Giefer,68,silverrare,Germany,70,64,54,72,45,66,https://wefut.com/player/13/7609/fabian-giefer
Glédson,68,silverrare,Brazil,70,63,65,69,34,76,https://wefut.com/player/13/7342/gledson
Dani Hernández,68,silverrare,Venezuela,62,73,85,66,34,71,https://wefut.com/player/13/6807/dani-hernandez
Raúl,68,silverrare,Spain,64,74,63,67,54,72,https://wefut.com/player/13/6230/raul
Martin Männel,68,silverrare,Germany,68,67,64,71,65,66,https://wefut.com/player/13/5482/martin-mannel
Juan Carlos,68,silverrare,Spain,79,62,66,77,42,58,https://wefut.com/player/13/4247/juan-carlos
Mariano Barbosa,68,silverrare,Argentina,73,66,74,77,67,56,https://wefut.com/player/13/2073/mariano-barbosa
Kim Byung Ji,68,silverrare,Korea Republic,67,62,54,72,64,71,https://wefut.com/player/13/1593/kim-byung-ji
Grégory Malicki,68,silverrare,France,66,63,68,73,35,78,https://wefut.com/player/13/1332/gregory-malicki
Maik Taylor,68,silverrare,Northern Ireland,64,74,61,64,48,72,https://wefut.com/player/13/813/maik-taylor
Luciano,68,silverrare,Brazil,74,60,67,76,72,64,https://wefut.com/player/13/660/luciano
Lee Woon Jae,68,silverrare,Korea Republic,61,77,82,70,22,67,https://wefut.com/player/13/414/lee-woon-jae
Luke Steele,68,silverrare,England,72,64,64,73,64,66,https://wefut.com/player/13/368/luke-steele
Tom Heaton,68,silver,England,70,68,64,68,35,67,https://wefut.com/player/13/13662/tom-heaton
Kevin Hartman,68,silver,United States,74,55,71,69,54,73,https://wefut.com/player/13/13657/kevin-hartman
Timo Horn,68,silver,Germany,71,65,74,71,45,63,https://wefut.com/player/13/8688/timo-horn
Anthony Lopes,68,silver,Portugal,72,64,62,70,55,68,https://wefut.com/player/13/8485/anthony-lopes
Mathew Ryan,68,silver,Australia,67,61,74,71,59,71,https://wefut.com/player/13/8354/mathew-ryan
Giacomo Brichetto,68,silver,Italy,70,67,60,70,34,70,https://wefut.com/player/13/7834/giacomo-brichetto
Francesco Bardi,68,silver,Italy,67,68,61,75,57,66,https://wefut.com/player/13/7744/francesco-bardi
Heinz Lindner,68,silver,Austria,74,61,61,72,53,65,https://wefut.com/player/13/7617/heinz-lindner
Pierrick Cros,68,silver,France,71,65,62,77,37,69,https://wefut.com/player/13/7584/pierrick-cros
Damien Grégorini,69,silver,France,70,73,64,70,42,71,https://wefut.com/player/13/7530/stefan-magnusson
Mario,68,silver,Spain,71,66,58,78,46,65,https://wefut.com/player/13/6961/mario
Jason Steele,68,silver,England,70,67,64,71,55,64,https://wefut.com/player/13/6604/jason-steele
Rafael,68,silver,Brazil,74,68,66,73,33,60,https://wefut.com/player/13/6434/rafael
László Köteles,68,silver,Hungary,71,65,66,73,63,66,https://wefut.com/player/13/6127/laszlo-koteles
Rodolfo Cota,68,silver,Mexico,69,66,61,72,44,67,https://wefut.com/player/13/6074/rodolfo-cota
Yoann Thuram-Ulien,68,silver,France,74,67,61,73,39,68,https://wefut.com/player/13/5953/yoann-thuram-ulien
Alex Smithies,68,silver,England,70,66,67,75,59,62,https://wefut.com/player/13/5887/alex-smithies
Mitchell Langerak,68,silver,Australia,73,62,72,74,51,62,https://wefut.com/player/13/5471/mitchell-langerak
Yves De Winter,68,silver,Belgium,71,66,61,71,51,67,https://wefut.com/player/13/4909/yves-de-winter
David Da Costa,68,silver,Switzerland,66,71,63,66,58,70,https://wefut.com/player/13/4880/david-da-costa
Andy Gruenebaum,68,silver,United States,69,65,67,73,51,69,https://wefut.com/player/13/4736/andy-gruenebaum
Nicola Ravaglia,68,silver,Italy,67,67,59,73,56,68,https://wefut.com/player/13/4391/nicola-ravaglia
Jamie MacDonald,68,silver,Scotland,72,70,65,69,22,67,https://wefut.com/player/13/4106/jamie-macdonald
Hugo Ventura,68,silver,Portugal,68,67,69,71,44,65,https://wefut.com/player/13/4037/hugo-ventura
Rémy Riou,68,silver,France,70,71,71,68,38,65,https://wefut.com/player/13/3882/remy-riou
Adam Larsen Kwarasey,68,silver,Ghana,71,67,65,78,61,64,https://wefut.com/player/13/3640/adam-larsen-kwarasey
Tom Heaton,68,silver,England,70,68,64,68,35,67,https://wefut.com/player/13/3328/tom-heaton
Thomas Gebauer,68,silver,Germany,69,67,60,71,59,68,https://wefut.com/player/13/2834/thomas-gebauer
Simon Pouplin,68,silver,France,68,68,65,70,51,68,https://wefut.com/player/13/2672/simon-pouplin
Dmitriy Borodin,68,silver,Russia,67,72,71,70,40,65,https://wefut.com/player/13/2277/dmitriy-borodin
Sammy Bossut,68,silver,Belgium,71,67,57,72,62,64,https://wefut.com/player/13/2033/sammy-bossut
Alejandro Palacios,68,silver,Mexico,72,60,68,76,47,65,https://wefut.com/player/13/1975/alejandro-palacios
Boy Waterman,68,silver,Netherlands,70,64,70,72,52,65,https://wefut.com/player/13/1673/boy-waterman
Lionel Cappone,68,silver,France,70,61,67,72,48,74,https://wefut.com/player/13/1639/lionel-cappone
Stefán Magnússon,68,silver,Iceland,67,69,69,73,36,75,https://wefut.com/player/13/1463/doblas
Vlada Avramov,68,silver,Serbia,69,65,63,72,55,72,https://wefut.com/player/13/1288/vlada-avramov
Łukasz Załuska,68,silver,Poland,66,67,65,71,54,68,https://wefut.com/player/13/1119/lukasz-zaluska
Stefanos Kotsolis,68,silver,Greece,65,70,66,70,60,68,https://wefut.com/player/13/1032/stefanos-kotsolis
Jamie Ashdown,68,silver,England,71,70,65,68,51,64,https://wefut.com/player/13/942/jamie-ashdown
Ludovic Butelle,68,silver,France,72,66,57,71,49,63,https://wefut.com/player/13/707/ludovic-butelle
Kevin Hartman,68,silver,United States,74,55,71,69,54,73,https://wefut.com/player/13/358/kevin-hartman
Sander Boschker,68,silver,Netherlands,65,72,65,65,42,72,https://wefut.com/player/13/341/sander-boschker
Grzegorz Sandomierski,67,silverrare,Poland,74,64,67,71,55,61,https://wefut.com/player/13/13834/grzegorz-sandomierski
Issa Ndoye,67,silverrare,Senegal,69,58,61,74,30,67,https://wefut.com/player/13/10800/issa-ndoye
Patrick Rakovsky,67,silverrare,Germany,69,63,65,72,66,63,https://wefut.com/player/13/9844/patrick-rakovsky
Marco Bizot,67,silverrare,Netherlands,65,65,75,74,47,64,https://wefut.com/player/13/8637/marco-bizot
Thomas Kaminski,67,silverrare,Belgium,69,61,65,75,65,64,https://wefut.com/player/13/6518/thomas-kaminski
Grzegorz Sandomierski,67,silverrare,Poland,74,64,67,71,55,61,https://wefut.com/player/13/6413/grzegorz-sandomierski
Kim Christensen,67,silverrare,Denmark,70,63,76,72,42,63,https://wefut.com/player/13/2514/kim-christensen
Brian van Loo,67,silverrare,Netherlands,70,71,70,66,32,63,https://wefut.com/player/13/2347/brian-van-loo
Kevin Stuhr-Ellegaard,67,silverrare,Denmark,61,68,68,71,50,68,https://wefut.com/player/13/1732/kevin-stuhr-ellegaard
Bruno,67,silver,Brazil,68,67,64,71,44,67,https://wefut.com/player/13/13673/bruno
Timo Ochs,67,silver,Germany,69,66,54,72,49,64,https://wefut.com/player/13/12707/timo-ochs
Josh Saunders,67,silver,Puerto Rico,69,65,65,71,53,65,https://wefut.com/player/13/12535/josh-saunders
Tom Mickel,67,silver,Germany,70,64,68,69,47,64,https://wefut.com/player/13/12209/tom-mickel
William Hesmer,67,silver,United States,65,72,62,65,52,69,https://wefut.com/player/13/12033/william-hesmer
Daniel Davari,67,silver,Germany,68,67,66,70,58,65,https://wefut.com/player/13/9471/daniel-davari
Sergey Chepchugov,67,silver,Russia,65,67,67,70,45,72,https://wefut.com/player/13/8212/sergey-chepchugov
Mattia Perin,67,silver,Italy,67,63,60,74,57,67,https://wefut.com/player/13/8126/mattia-perin
Doblas,68,silver,Spain,70,64,65,72,32,69,https://wefut.com/player/13/8060/yasser-al-mosailem
Vid Belec,67,silver,Slovenia,65,64,60,73,53,67,https://wefut.com/player/13/7650/vid-belec
Jörg Siebenhandl,67,silver,Austria,71,64,73,70,56,64,https://wefut.com/player/13/7631/jorg-siebenhandl
Bruno,67,silver,Brazil,68,67,64,71,44,67,https://wefut.com/player/13/6822/bruno
Tom Mickel,67,silver,Germany,70,64,68,69,47,64,https://wefut.com/player/13/6738/tom-mickel
Alberto,67,silver,Spain,74,60,64,76,58,62,https://wefut.com/player/13/6231/alberto
Mario Daniel Vega,67,silver,Argentina,69,69,66,68,21,61,https://wefut.com/player/13/5975/mario-daniel-vega
Michele Arcari,67,silver,Italy,68,67,62,68,35,68,https://wefut.com/player/13/5913/michele-arcari
Lukas Königshofer,67,silver,Austria,71,62,74,73,50,64,https://wefut.com/player/13/5694/lukas-konigshofer
Alexander Stephan,67,silver,Germany,67,71,59,68,61,66,https://wefut.com/player/13/4809/alexander-stephan
Miguel Becerra,67,silver,Mexico,70,63,59,70,42,65,https://wefut.com/player/13/4763/miguel-becerra
Moeneeb Josephs,67,silver,South Africa,66,65,64,65,33,70,https://wefut.com/player/13/4501/moeneeb-josephs
Raïs M'Bolhi,67,silver,Algeria,68,65,66,74,62,63,https://wefut.com/player/13/4165/rais-m-bolhi
Sergio,67,silver,Spain,64,68,59,66,46,74,https://wefut.com/player/13/3430/sergio
Lasse Heinze,67,silver,Denmark,71,63,61,70,40,62,https://wefut.com/player/13/3273/lasse-heinze
Daniele Padelli,67,silver,Italy,68,67,65,69,45,67,https://wefut.com/player/13/3236/daniele-padelli
Marián Kelemen,67,silver,Slovakia,72,59,62,70,47,67,https://wefut.com/player/13/3181/marian-kelemen
Eugene Galeković,67,silver,Australia,71,62,62,69,58,63,https://wefut.com/player/13/3139/eugene-galekovic
Barel Mouko,67,silver,Congo,71,66,52,73,38,64,https://wefut.com/player/13/2856/barel-mouko
Carl Ikeme,67,silver,Nigeria,65,68,62,70,50,65,https://wefut.com/player/13/2723/carl-ikeme
William Hesmer,67,silver,United States,65,72,62,65,52,69,https://wefut.com/player/13/2668/william-hesmer
Ramazan Özcan,67,silver,Austria,67,64,61,70,52,67,https://wefut.com/player/13/2538/ramazan-ozcan
Florian Fromlowitz,67,silver,Germany,70,64,65,73,62,63,https://wefut.com/player/13/2448/florian-fromlowitz
Esteban,67,silver,Spain,67,66,73,66,44,70,https://wefut.com/player/13/2199/esteban
Jacobo,67,silver,Spain,70,68,73,69,41,68,https://wefut.com/player/13/2193/jacobo
Yasser Al Mosailem,67,silver,Republic of Ireland,65,70,59,69,34,67,https://wefut.com/player/13/1990/brian-murphy
Rafael,67,silver,Brazil,72,66,60,74,50,68,https://wefut.com/player/13/1955/rafael
Óscar Pérez,67,silver,Mexico,68,67,62,68,42,73,https://wefut.com/player/13/1950/oscar-perez
Frank Boeckx,67,silver,Belgium,70,63,73,69,61,65,https://wefut.com/player/13/1928/frank-boeckx
Nicola Pavarini,67,silver,Italy,71,60,61,63,30,72,https://wefut.com/player/13/1824/nicola-pavarini
Vladan Kujovic,67,silver,Serbia,65,69,63,67,59,70,https://wefut.com/player/13/1774/vladan-kujovic
Josh Saunders,67,silver,Puerto Rico,69,65,65,71,53,65,https://wefut.com/player/13/1740/josh-saunders
Jesper Hansen,67,silver,Denmark,67,64,68,72,36,65,https://wefut.com/player/13/1459/jesper-hansen
Bram Verbist,67,silver,Belgium,66,64,73,71,61,63,https://wefut.com/player/13/1425/bram-verbist
Logan Bailly,67,silver,Belgium,71,62,67,72,57,64,https://wefut.com/player/13/1420/logan-bailly
Lukas Kruse,67,silver,Germany,73,64,56,76,59,56,https://wefut.com/player/13/1406/lukas-kruse
Cyrille Merville,67,silver,France,68,69,67,67,46,69,https://wefut.com/player/13/1148/cyrille-merville
Timo Ochs,67,silver,Germany,69,66,54,72,49,64,https://wefut.com/player/13/1046/timo-ochs
Sven Neuhaus,67,silver,Germany,66,71,56,66,33,68,https://wefut.com/player/13/778/sven-neuhaus
Khalid Sinouh,67,silver,Morocco,70,65,56,66,51,70,https://wefut.com/player/13/193/khalid-sinouh
Ronan Le Crom,67,silver,France,67,66,63,67,37,67,https://wefut.com/player/13/130/ronan-le-crom
Fabien Farnolle,66,silverrare,Benin,68,66,65,63,39,75,https://wefut.com/player/13/7957/fabien-farnolle
Bill Hamid,66,silverrare,United States,70,72,51,66,66,58,https://wefut.com/player/13/7900/bill-hamid
Rafael Romo,66,silverrare,Venezuela,64,62,60,72,50,68,https://wefut.com/player/13/7657/rafael-romo
Mamadou Samassa,66,silverrare,France,69,61,57,71,54,64,https://wefut.com/player/13/6943/mamadou-samassa
Darley,66,silverrare,Brazil,71,62,63,75,71,58,https://wefut.com/player/13/5880/darley
Thorsten Stuckmann,66,silverrare,Germany,68,64,65,72,46,64,https://wefut.com/player/13/3920/thorsten-stuckmann
Joe Lewis,66,silverrare,England,74,56,60,74,66,62,https://wefut.com/player/13/2804/joe-lewis
Kenneth Høie,66,silverrare,Norway,67,63,64,79,35,52,https://wefut.com/player/13/1096/kenneth-hoie
Ricardo,66,silverrare,Portugal,73,55,76,67,48,70,https://wefut.com/player/13/96/ricardo
Brian Murphy,67,silver,Republic of Ireland,65,70,59,69,34,67,https://wefut.com/player/13/12045/liborio-sanchez
Jeon Sang Wook,66,silver,Korea Republic,68,66,64,66,56,69,https://wefut.com/player/13/11962/jeon-sang-wook
Jesús,66,silver,Spain,62,67,52,68,36,69,https://wefut.com/player/13/11961/jesus
Ben Amos,66,silver,England,67,68,67,74,50,61,https://wefut.com/player/13/11866/ben-amos
Kepa Arrizabalaga,66,silver,Spain,64,57,71,73,54,68,https://wefut.com/player/13/10102/kepa-arrizabalaga
Darren Keet,66,silver,South Africa,67,70,61,65,62,63,https://wefut.com/player/13/9589/darren-keet
Gabriel,66,silver,Brazil,74,62,63,71,43,58,https://wefut.com/player/13/9033/gabriel
Colin Coosemans,66,silver,Belgium,71,66,64,70,63,57,https://wefut.com/player/13/8623/colin-coosemans
Jeon Sang Wook,66,silver,Korea Republic,68,66,64,66,56,69,https://wefut.com/player/13/8444/jeon-sang-wook
Abdoulaye Diallo,66,silver,France,65,62,61,74,42,64,https://wefut.com/player/13/8044/abdoulaye-diallo
Bruno Veríssimo,66,silver,Portugal,67,70,66,69,23,70,https://wefut.com/player/13/7428/bruno-verissimo
Jesús,66,silver,Spain,62,67,52,68,36,69,https://wefut.com/player/13/7414/jesus
Kim Seung Gyu,66,silver,Korea Republic,67,61,62,67,57,68,https://wefut.com/player/13/7241/kim-seung-gyu
Lukas Hradecky,66,silver,Finland,73,65,60,66,43,62,https://wefut.com/player/13/7136/lukas-hradecky
Stefan Frei,66,silver,Switzerland,71,61,64,70,42,66,https://wefut.com/player/13/7029/stefan-frei
Łukasz Skorupski,66,silver,Poland,71,61,50,71,48,65,https://wefut.com/player/13/6884/lukasz-skorupski
Eloy Room,66,silver,Netherlands,64,70,62,65,60,66,https://wefut.com/player/13/6652/eloy-room
Kim Ho Jun,66,silver,Korea Republic,69,64,67,66,54,65,https://wefut.com/player/13/6328/kim-ho-jun
Yoel,66,silver,Spain,69,63,59,71,50,62,https://wefut.com/player/13/6042/yoel
Panagiotis Glykos,66,silver,Greece,72,66,60,72,56,66,https://wefut.com/player/13/6032/panagiotis-glykos
Liborio Sánchez,66,silver,Mexico,69,67,63,71,43,67,https://wefut.com/player/13/5879/liborio-sanchez
Ben Amos,66,silver,England,67,68,67,74,50,61,https://wefut.com/player/13/4435/ben-amos
Jonas Lössl,66,silver,Denmark,59,70,61,70,62,66,https://wefut.com/player/13/4311/jonas-lossl
David Forde,66,silver,Republic of Ireland,68,60,71,71,47,65,https://wefut.com/player/13/4149/david-forde
Robert Almer,66,silver,Austria,65,67,66,67,53,64,https://wefut.com/player/13/3431/robert-almer
Liborio Sánchez,66,silver,Mexico,69,67,63,71,43,66,https://wefut.com/player/13/3284/david-yelldell
Lorenzo Squizzi,66,silver,Italy,64,66,63,67,48,66,https://wefut.com/player/13/3026/lorenzo-squizzi
Olivier Werner,66,silver,Belgium,71,61,59,72,63,61,https://wefut.com/player/13/2880/olivier-werner
Alexandro Álvarez,66,silver,Mexico,66,63,61,68,41,65,https://wefut.com/player/13/2840/alexandro-alvarez
Zubikarai,66,silver,Spain,71,61,50,75,42,64,https://wefut.com/player/13/2777/zubikarai
Paweł Kieszek,66,silver,Poland,67,65,59,66,50,66,https://wefut.com/player/13/2319/pawel-kieszek
John Alvbåge,66,silver,Sweden,66,58,64,73,42,69,https://wefut.com/player/13/2121/john-alvbage
Radek Černý,66,silver,Czech Republic,70,63,53,70,41,64,https://wefut.com/player/13/2026/radek-cerny
Luca Anania,66,silver,Italy,63,62,71,69,63,72,https://wefut.com/player/13/2000/luca-anania
Yosgart Gutiérrez,66,silver,Mexico,67,66,63,68,44,69,https://wefut.com/player/13/1966/yosgart-gutierrez
César Lozano,66,silver,Mexico,68,63,60,69,46,66,https://wefut.com/player/13/1960/cesar-lozano
Landry Bonnefoi,66,silver,France,64,65,60,66,42,71,https://wefut.com/player/13/1700/landry-bonnefoi
Jan Glinker,66,silver,Germany,72,61,60,69,53,62,https://wefut.com/player/13/1678/jan-glinker
Goitia,66,silver,Spain,71,70,62,64,44,61,https://wefut.com/player/13/1675/goitia
Walter Bressan,66,silver,Italy,64,65,55,68,35,70,https://wefut.com/player/13/1626/walter-bressan
Philipp Heerwagen,66,silver,Germany,69,63,61,70,32,63,https://wefut.com/player/13/1422/philipp-heerwagen
Marjan Petkovic,66,silver,Germany,68,65,65,67,54,63,https://wefut.com/player/13/1410/marjan-petkovic
Joe Murphy,66,silver,Republic of Ireland,69,60,57,70,52,65,https://wefut.com/player/13/852/joe-murphy
Edward Gustafsson,66,silver,Sweden,64,60,62,70,60,70,https://wefut.com/player/13/456/edward-gustafsson
Matt Reis,66,silver,United States,70,66,69,67,54,61,https://wefut.com/player/13/347/matt-reis
Diederik Boer,66,silver,Netherlands,67,65,65,68,31,66,https://wefut.com/player/13/233/diederik-boer
Jesper Christiansen,66,silver,Denmark,69,61,70,73,36,63,https://wefut.com/player/13/165/jesper-christiansen
Lars Winde,66,silver,Denmark,68,56,62,74,63,67,https://wefut.com/player/13/145/lars-winde
Brilliant Khuzwayo,65,silverrare,South Africa,68,65,71,68,65,61,https://wefut.com/player/13/10733/brilliant-khuzwayo
Konstantinos Lamprou,65,silverrare,Greece,64,61,66,73,68,61,https://wefut.com/player/13/8515/konstantinos-lamprou
David Yelldell,66,silver,United States,67,57,68,73,61,66,https://wefut.com/player/13/3284/david-yelldell
Kristof Van Hout,65,silverrare,Belgium,67,65,60,65,35,66,https://wefut.com/player/13/6060/kristof-van-hout
Sébastien Bruzzese,65,silverrare,Belgium,63,60,68,74,68,62,https://wefut.com/player/13/5533/sebastien-bruzzese
Mikkel Andersen,65,silverrare,Denmark,68,61,65,70,37,63,https://wefut.com/player/13/4151/mikkel-andersen
Stephen Bywater,65,silverrare,England,66,67,54,67,65,64,https://wefut.com/player/13/994/stephen-bywater
Craig Samson,65,silver,Scotland,66,65,54,68,46,64,https://wefut.com/player/13/13714/craig-samson
Lee Grant,65,silver,England,68,65,68,68,56,58,https://wefut.com/player/13/13711/lee-grant
Kwoun Sun Tae,65,silver,Korea Republic,70,61,65,63,39,64,https://wefut.com/player/13/11562/kwoun-sun-tae
Ryan Meara,65,silver,Republic of Ireland,68,63,66,66,47,65,https://wefut.com/player/13/10175/ryan-meara
Marko Meerits,65,silver,Estonia,68,55,66,74,59,61,https://wefut.com/player/13/9741/marko-meerits
Michael Clepkens,65,silver,Belgium,73,57,61,72,62,59,https://wefut.com/player/13/8617/michael-clepkens
Daniel Batz,65,silver,Germany,64,66,72,70,59,61,https://wefut.com/player/13/8575/daniel-batz
Andrea Seculin,65,silver,Italy,70,60,50,75,45,60,https://wefut.com/player/13/8070/andrea-seculin
Benjamin Leroy,65,silver,France,69,65,59,71,34,68,https://wefut.com/player/13/8064/benjamin-leroy
Marc Vidal,65,silver,France,67,66,64,67,38,68,https://wefut.com/player/13/7763/marc-vidal
Alphonse Aréola,65,silver,Philippines,65,67,69,68,54,69,https://wefut.com/player/13/7570/alphonse-areola
Sean Johnson,65,silver,United States,70,58,52,71,60,63,https://wefut.com/player/13/7098/sean-johnson
Jasmin Burić,65,silver,Bosnia Herzegovina,61,63,61,72,47,61,https://wefut.com/player/13/7077/jasmin-buric
Simone Colombi,65,silver,Italy,68,62,52,74,56,62,https://wefut.com/player/13/6750/simone-colombi
Pape Abdoulaye Coulibaly,65,silver,Senegal,68,69,66,65,26,66,https://wefut.com/player/13/6496/pape-abdoulaye-coulibaly
Alberto Pomini,65,silver,Italy,63,61,55,70,50,69,https://wefut.com/player/13/6439/alberto-pomini
Jorge Díaz de León,65,silver,Mexico,68,63,64,68,46,59,https://wefut.com/player/13/6365/jorge-diaz-de-leon
David Hohs,65,silver,Germany,66,65,63,66,63,66,https://wefut.com/player/13/6183/david-hohs
Péter Gulácsi,65,silver,Hungary,65,69,61,66,60,65,https://wefut.com/player/13/6031/peter-gulacsi
Marek Štěch,65,silver,Czech Republic,64,67,65,67,50,66,https://wefut.com/player/13/5640/marek-stech
Oier,65,silver,Spain,64,65,72,58,45,73,https://wefut.com/player/13/5555/oier
Adam Legzdins,65,silver,England,70,65,65,65,35,64,https://wefut.com/player/13/5508/adam-legzdins
Tomislav Pacovski,65,silver,FYR Macedonia,67,61,57,68,60,62,https://wefut.com/player/13/5431/tomislav-pacovski
Danny Vukovic,65,silver,Australia,68,62,53,75,53,57,https://wefut.com/player/13/5384/danny-vukovic
Davide Bassi,65,silver,Italy,65,64,60,69,48,66,https://wefut.com/player/13/5020/davide-bassi
Robert Zwinkels,65,silver,Netherlands,63,65,65,68,47,67,https://wefut.com/player/13/4995/robert-zwinkels
Kwoun Sun Tae,65,silver,Korea Republic,70,61,65,63,39,64,https://wefut.com/player/13/4624/kwoun-sun-tae
Kenny Steppe,65,silver,Belgium,64,63,63,68,59,66,https://wefut.com/player/13/4558/kenny-steppe
Manu,65,silver,Spain,68,60,67,72,56,63,https://wefut.com/player/13/4317/manu
Ben Hamer,65,silver,England,69,63,65,66,49,63,https://wefut.com/player/13/4043/ben-hamer
Israel Villaseñor,65,silver,Mexico,64,67,64,68,40,65,https://wefut.com/player/13/3964/israel-villasenor
Rob Elliot,65,silver,England,67,63,64,66,47,67,https://wefut.com/player/13/3805/rob-elliot
Bill Gaudette,65,silver,Puerto Rico,67,64,64,66,49,68,https://wefut.com/player/13/3504/bill-gaudette
Mark Bunn,65,silver,England,64,67,68,74,48,59,https://wefut.com/player/13/3209/mark-bunn
David Ousted,65,silver,Denmark,70,64,60,66,58,63,https://wefut.com/player/13/3207/david-ousted
Christian Martínez,65,silver,Mexico,67,64,64,63,49,66,https://wefut.com/player/13/3204/christian-martinez
Roberto Colombo,65,silver,Italy,63,64,55,69,53,68,https://wefut.com/player/13/3047/roberto-colombo
Craig Samson,65,silver,Scotland,66,65,54,68,46,64,https://wefut.com/player/13/2760/craig-samson
Darryl Flahavan,65,silver,England,63,63,65,66,52,70,https://wefut.com/player/13/2632/darryl-flahavan
Troy Perkins,65,silver,United States,68,69,53,66,55,65,https://wefut.com/player/13/2619/troy-perkins
Romain Salin,65,silver,France,67,65,60,66,25,63,https://wefut.com/player/13/2447/romain-salin
Szabolcs Sáfár,65,silver,Hungary,63,63,60,66,51,70,https://wefut.com/player/13/2271/szabolcs-safar
David Zibung,65,silver,Switzerland,67,59,62,72,56,63,https://wefut.com/player/13/2107/david-zibung
Alfonso Blanco,65,silver,Mexico,64,67,62,62,43,63,https://wefut.com/player/13/1903/choi-eun-sung
Dean Gerken,65,silver,England,69,60,62,70,56,61,https://wefut.com/player/13/1897/dean-gerken
Niki Mäenpää,65,silver,Finland,68,64,70,66,31,60,https://wefut.com/player/13/1541/niki-maenpaa
Casper Ankergren,65,silver,Denmark,69,58,54,70,55,64,https://wefut.com/player/13/1457/casper-ankergren
David Martin,65,silver,England,67,58,67,73,50,65,https://wefut.com/player/13/1322/david-martin
Daniel Ischdonat,65,silver,Germany,62,60,64,68,52,72,https://wefut.com/player/13/1277/daniel-ischdonat
Pascal Grünwald,65,silver,Austria,67,61,66,69,53,62,https://wefut.com/player/13/1169/pascal-grunwald
Mike Pollitt,65,silver,England,64,68,66,62,50,67,https://wefut.com/player/13/979/mike-pollitt
Lee Grant,65,silver,England,68,65,68,68,56,58,https://wefut.com/player/13/955/lee-grant
Jon Busch,65,silver,United States,69,62,55,68,51,67,https://wefut.com/player/13/726/jon-busch
Johan Liébus,65,silver,France,66,64,68,63,46,65,https://wefut.com/player/13/706/johan-liebus
Christian Vander,65,silver,Germany,65,59,56,69,45,68,https://wefut.com/player/13/486/christian-vander
Dime Jankulovski,65,silver,Sweden,69,59,45,71,29,68,https://wefut.com/player/13/432/dime-jankulovski
David Meul,65,silver,Belgium,66,64,59,68,39,64,https://wefut.com/player/13/336/david-meul
Steve Simonsen,65,silver,England,72,52,70,74,53,61,https://wefut.com/player/13/326/steve-simonsen
Michael Hofmann,65,silver,Germany,70,66,47,64,26,61,https://wefut.com/player/13/176/michael-hofmann
Ante Čović,64,bronzeblue,Australia,71,71,67,72,40,68,https://wefut.com/player/13/12960/ante-covic
Richard Brush,64,bronzeif,England,57,60,57,63,53,60,https://wefut.com/player/13/14245/richard-brush
Brad Knighton,64,bronzeif,United States,70,65,60,68,43,65,https://wefut.com/player/13/13954/brad-knighton
Sten Michael Grytebust,64,bronzeif,Norway,71,68,49,81,23,68,https://wefut.com/player/13/13302/sten-michael-grytebust
Joe Bendik,64,bronzeif,United States,60,60,56,62,14,65,https://wefut.com/player/13/13277/joe-bendik
Javi Jiménez,64,bronzeif,Spain,79,57,64,70,50,60,https://wefut.com/player/13/13253/javi-jimenez
Max Friesacher,64,bronzeif,Austria,66,64,48,65,42,60,https://wefut.com/player/13/13026/max-friesacher
Benjamin Kirsten,64,bronzeif,Germany,74,66,54,72,44,65,https://wefut.com/player/13/12909/benjamin-kirsten
Jamie Langfield,64,bronzeif,Scotland,70,62,53,68,31,67,https://wefut.com/player/13/11728/jamie-langfield
Choi Eun Sung,65,silver,Korea Republic,68,61,67,67,43,62,https://wefut.com/player/13/11690/daouda-diakite
Scott Flinders,64,bronzeif,England,67,67,58,72,65,65,https://wefut.com/player/13/11648/scott-flinders
Felipe Melo,64,bronzeif,Brazil,71,59,60,66,62,59,https://wefut.com/player/13/11222/felipe-melo
Paulo Gazzaniga,64,bronzerare,Argentina,72,60,87,71,62,57,https://wefut.com/player/13/12407/paulo-gazzaniga
Abdullah Al Saleh,64,bronzerare,Saudi Arabia,66,66,67,64,48,67,https://wefut.com/player/13/12403/abdullah-al-saleh
Khalid Sharahili,64,bronzerare,Saudi Arabia,67,62,59,62,42,69,https://wefut.com/player/13/12401/khalid-sharahili
Parfait Mandanda,64,bronzerare,DR Congo,72,58,58,73,68,59,https://wefut.com/player/13/12400/parfait-mandanda
Ole Söderberg,64,bronzerare,Sweden,68,67,65,75,55,67,https://wefut.com/player/13/12395/ole-soderberg
Sten Michael Grytebust,64,bronzerare,Norway,67,64,49,79,23,65,https://wefut.com/player/13/12394/sten-michael-grytebust
Abdullah Al Auichir,64,bronzerare,Saudi Arabia,70,70,64,65,59,67,https://wefut.com/player/13/12387/abdullah-al-auichir
Steve Mildenhall,64,bronzerare,England,63,65,67,62,56,67,https://wefut.com/player/13/11558/steve-mildenhall
Mickey van der Hart,64,bronzerare,Netherlands,67,57,64,67,41,67,https://wefut.com/player/13/10447/mickey-van-der-hart
Jay Lynch,64,bronzerare,England,70,60,58,67,42,61,https://wefut.com/player/13/10174/jay-lynch
Benjamin Kirsten,64,bronzerare,Germany,69,61,54,68,44,59,https://wefut.com/player/13/9403/benjamin-kirsten
Zacharie Boucher,64,bronzerare,France,66,61,57,71,56,65,https://wefut.com/player/13/8904/zacharie-boucher
Luca Veronese,64,bronzerare,France,68,69,58,57,35,71,https://wefut.com/player/13/8828/luca-veronese
Filip Kurto,64,bronzerare,Poland,66,63,55,67,64,63,https://wefut.com/player/13/7639/filip-kurto
Dušan Perniš,64,bronzerare,Slovakia,64,62,59,64,38,67,https://wefut.com/player/13/7578/dusan-pernis
Koen Casteels,64,bronzerare,Belgium,68,62,58,67,34,59,https://wefut.com/player/13/7540/koen-casteels
Yoo Hyun,64,bronzerare,Korea Republic,64,66,62,66,44,66,https://wefut.com/player/13/7267/yoo-hyun
Matthieu Dreyer,64,bronzerare,France,65,71,58,69,49,57,https://wefut.com/player/13/5810/matthieu-dreyer
Jens Grahl,64,bronzerare,Germany,69,62,58,66,51,57,https://wefut.com/player/13/5650/jens-grahl
Thorsten Kirschbaum,64,bronzerare,Germany,69,61,55,65,60,60,https://wefut.com/player/13/5505/thorsten-kirschbaum
Jorge Villalpando,64,bronzerare,Mexico,66,59,61,71,62,62,https://wefut.com/player/13/5433/jorge-villalpando
Michael Theo,64,bronzerare,Australia,63,64,63,60,45,71,https://wefut.com/player/13/5287/michael-theo
Daouda Diakite,64,bronzeif,Burkina Faso,74,61,55,71,26,55,https://wefut.com/player/13/5261/clint-bolton
Tally Hall,64,bronzerare,United States,63,72,65,65,31,64,https://wefut.com/player/13/5209/tally-hall
Peter Brezovan,64,bronzerare,Slovakia,66,64,60,73,31,63,https://wefut.com/player/13/4872/peter-brezovan
Nicholas Caglioni,64,bronzerare,Italy,64,59,52,70,32,68,https://wefut.com/player/13/4229/nicholas-caglioni
Tommy Lee,64,bronzerare,England,61,64,60,70,39,63,https://wefut.com/player/13/3986/tommy-lee
Brad Jones,64,bronzerare,Australia,66,57,68,66,63,66,https://wefut.com/player/13/3651/brad-jones
Jugoslav Lazic,64,bronzerare,Serbia,71,53,66,69,33,67,https://wefut.com/player/13/3372/jugoslav-lazic
Sören Pirson,64,bronzerare,Germany,63,64,58,65,49,66,https://wefut.com/player/13/2958/soren-pirson
Krzysztof Kotorowski,64,bronzerare,Poland,72,54,64,71,37,62,https://wefut.com/player/13/2696/krzysztof-kotorowski
Matt Pickens,64,bronzerare,United States,66,63,63,64,35,67,https://wefut.com/player/13/2666/matt-pickens
Scott Flinders,64,bronzerare,England,64,65,58,68,64,61,https://wefut.com/player/13/2559/scott-flinders
Wouter Biebauw,64,bronzerare,Belgium,67,61,55,71,45,61,https://wefut.com/player/13/2519/wouter-biebauw
Nikki Bull,64,bronzerare,England,67,62,51,71,50,61,https://wefut.com/player/13/2492/nikki-bull
Benedikt Pliquett,64,bronzerare,Germany,67,62,59,69,39,62,https://wefut.com/player/13/2437/benedikt-pliquett
Alex Cordaz,64,bronzerare,Italy,63,63,57,70,58,66,https://wefut.com/player/13/2377/alex-cordaz
Emanuele Concetti,64,bronzerare,Italy,62,65,50,68,50,68,https://wefut.com/player/13/2360/emanuele-concetti
Germano Vailati,64,bronzerare,Switzerland,68,60,56,65,56,66,https://wefut.com/player/13/2053/germano-vailati
Gennaro Bracigliano,64,bronzerare,France,63,67,65,61,43,70,https://wefut.com/player/13/1704/gennaro-bracigliano
Florent Chaigneau,64,bronzerare,France,62,60,68,65,35,72,https://wefut.com/player/13/1485/florent-chaigneau
Henri Sillanpää,64,bronzerare,Finland,59,69,54,66,23,68,https://wefut.com/player/13/1454/henri-sillanpaa
Olivier Blondel,64,bronzerare,France,69,63,58,60,51,65,https://wefut.com/player/13/1341/olivier-blondel
Luis García,64,bronzerare,Spain,60,66,59,63,56,71,https://wefut.com/player/13/1275/luis-garcia
Dani Mallo,64,bronzerare,Spain,63,67,55,64,41,66,https://wefut.com/player/13/1187/dani-mallo
Paul Rachubka,64,bronzerare,United States,68,57,61,71,54,60,https://wefut.com/player/13/985/paul-rachubka
Michaël Fabre,64,bronzerare,France,62,71,58,62,43,68,https://wefut.com/player/13/866/michael-fabre
Clint Bolton,64,bronzerare,Australia,73,61,53,69,53,67,https://wefut.com/player/13/392/steve-mildenhall
Mattias Asper,64,bronzerare,Sweden,63,61,50,62,35,68,https://wefut.com/player/13/237/mattias-asper
Park Ho Jin,64,bronze,Korea Republic,66,62,65,65,36,65,https://wefut.com/player/13/12069/park-ho-jin
Mohammed Sharefi,64,bronze,Saudi Arabia,67,65,62,62,43,64,https://wefut.com/player/13/10660/mohammed-sharefi
Arthur Bartman,64,bronze,South Africa,66,63,53,66,24,65,https://wefut.com/player/13/8239/arthur-bartman
Abdoulaye Keita,64,bronze,France,64,64,68,67,37,64,https://wefut.com/player/13/8180/abdoulaye-keita
Carlo Pinsoglio,64,bronze,Italy,65,60,59,67,48,65,https://wefut.com/player/13/6732/carlo-pinsoglio
Vincenzo Fiorillo,64,bronze,Italy,63,62,60,66,50,64,https://wefut.com/player/13/6039/vincenzo-fiorillo
Radosław Cierzniak,64,bronze,Poland,66,64,57,65,56,63,https://wefut.com/player/13/3234/radoslaw-cierzniak
Chema,64,bronze,Spain,65,62,59,67,46,63,https://wefut.com/player/13/2153/chema
Park Ho Jin,64,bronze,Korea Republic,66,62,65,65,36,65,https://wefut.com/player/13/1891/park-ho-jin
Alan Mannus,64,bronze,Northern Ireland,65,67,57,66,32,65,https://wefut.com/player/13/1200/alan-mannus
Lewis Price,64,bronze,Wales,67,66,60,68,51,58,https://wefut.com/player/13/960/lewis-price
Ante Čović,64,bronze,Australia,64,65,66,67,39,60,https://wefut.com/player/13/674/ante-covic
Rudy Riou,64,bronze,France,64,64,61,66,40,64,https://wefut.com/player/13/135/rudy-riou
Javi Jiménez,63,bronzerare,Spain,76,54,64,66,50,55,https://wefut.com/player/13/13853/javi-jimenez
Leon ter Wielen,63,bronzerare,Netherlands,68,59,62,66,35,58,https://wefut.com/player/13/10625/leon-ter-wielen
Ján Novota,63,bronzerare,Slovakia,63,62,63,64,46,63,https://wefut.com/player/13/9775/jan-novota
Maximilian Riedmüller,63,bronzerare,Germany,62,66,69,64,42,59,https://wefut.com/player/13/9695/maximilian-riedmuller
Erik Cummins,63,bronzerare,Netherlands,68,63,67,63,51,60,https://wefut.com/player/13/9174/erik-cummins
Zac MacMath,63,bronzerare,United States,68,61,54,64,51,65,https://wefut.com/player/13/9038/zac-macmath
Benjamin Lecomte,63,bronzerare,France,68,64,61,66,45,62,https://wefut.com/player/13/8811/benjamin-lecomte
Nacho Zabal,63,bronzerare,Spain,63,70,53,65,49,57,https://wefut.com/player/13/8643/nacho-zabal
Matz Sels,63,bronzerare,Belgium,64,63,71,62,67,61,https://wefut.com/player/13/8538/matz-sels
Jordi Masip,63,bronzerare,Spain,73,59,56,67,63,54,https://wefut.com/player/13/8518/jordi-masip
Lee Bum Young,63,bronzerare,Korea Republic,64,66,67,64,32,65,https://wefut.com/player/13/7297/lee-bum-young
Sam Slocombe,63,bronzerare,England,67,58,57,71,44,58,https://wefut.com/player/13/6885/sam-slocombe
Alex Cisak,63,bronzerare,Australia,68,56,54,67,57,61,https://wefut.com/player/13/6657/alex-cisak
Jamie Jones,63,bronzerare,England,66,56,52,74,32,62,https://wefut.com/player/13/5469/jamie-jones
Shwan Jalal,63,bronzerare,England,72,58,51,71,48,55,https://wefut.com/player/13/5139/shwan-jalal
David Button,63,bronzerare,England,70,55,59,69,66,62,https://wefut.com/player/13/4437/david-button
Cheick N'Diaye,63,bronzerare,Senegal,67,53,64,66,32,66,https://wefut.com/player/13/4407/cheick-n-diaye
Santamaría,63,bronzerare,Spain,62,70,57,58,48,67,https://wefut.com/player/13/4194/santamaria
Owain Fôn Williams,63,bronzerare,Wales,67,58,59,72,63,58,https://wefut.com/player/13/4030/owain-fon-williams
Hassan Al Otaibi,63,bronzerare,Saudi Arabia,71,68,66,61,35,52,https://wefut.com/player/13/3868/hassan-al-otaibi
Ben Alnwick,63,bronzerare,England,60,57,57,76,34,61,https://wefut.com/player/13/3392/ben-alnwick
Arran Lee-Barrett,63,bronzerare,England,71,54,55,67,56,64,https://wefut.com/player/13/3330/arran-lee-barrett
Biel Ribas,63,bronzerare,Spain,69,64,70,59,39,60,https://wefut.com/player/13/3329/biel-ribas
Andrea Guatelli,63,bronzerare,Italy,66,62,70,62,34,58,https://wefut.com/player/13/3237/andrea-guatelli
Bartosz Białkowski,63,bronzerare,Poland,68,61,61,63,59,59,https://wefut.com/player/13/2759/bartosz-bialkowski
Shin Hwa Yong,63,bronzerare,Korea Republic,69,50,63,69,54,63,https://wefut.com/player/13/2707/shin-hwa-yong
Jean-Louis Leca,63,bronzerare,France,58,62,52,70,34,68,https://wefut.com/player/13/2665/jean-louis-leca
Mariusz Pawełek,63,bronzerare,Poland,70,53,72,69,35,66,https://wefut.com/player/13/2318/mariusz-pawelek
Escalona,63,bronzerare,Spain,72,53,59,70,57,58,https://wefut.com/player/13/2238/escalona
Luca Mazzoni,63,bronzerare,Italy,60,60,50,68,50,66,https://wefut.com/player/13/2001/luca-mazzoni
Zbigniew Małkowski,63,bronzerare,Poland,67,50,59,63,21,72,https://wefut.com/player/13/1945/zbigniew-malkowski
Cédric Berthelin,63,bronzerare,France,64,63,58,62,33,66,https://wefut.com/player/13/1913/cedric-berthelin
Juan de Dios Ibarra,63,bronzerare,Mexico,66,69,59,60,48,59,https://wefut.com/player/13/1846/juan-de-dios-ibarra
Rodolphe Roche,63,bronzerare,France,65,61,52,57,34,69,https://wefut.com/player/13/1333/rodolphe-roche
Javi Jiménez,63,bronzerare,Spain,76,54,64,66,50,56,https://wefut.com/player/13/1315/orlando
Kyriakos Stamatopoulos,63,bronzerare,Canada,61,62,66,65,35,66,https://wefut.com/player/13/1077/kyriakos-stamatopoulos
Sascha Kirschstein,63,bronzerare,Germany,63,61,61,66,41,61,https://wefut.com/player/13/1044/sascha-kirschstein
Richard Lee,63,bronzerare,England,71,58,77,63,61,57,https://wefut.com/player/13/988/richard-lee
Neil Sullivan,63,bronzerare,Scotland,58,72,68,53,48,72,https://wefut.com/player/13/740/neil-sullivan
Joe Cannon,63,bronzerare,United States,60,63,68,60,58,73,https://wefut.com/player/13/350/joe-cannon
Chris Weale,63,bronzerare,England,65,59,61,67,56,66,https://wefut.com/player/13/281/chris-weale
Adam Collin,63,bronze,England,67,65,63,66,37,58,https://wefut.com/player/13/13737/adam-collin
Ryan Allsop,63,bronze,England,68,60,61,68,42,63,https://wefut.com/player/13/12479/ryan-allsop
Park Jun Hyuk,63,bronze,Korea Republic,63,65,64,65,32,65,https://wefut.com/player/13/12086/park-jun-hyuk
Ruud Swinkels,63,bronze,Netherlands,65,62,61,64,44,63,https://wefut.com/player/13/10717/ruud-swinkels
Donovan Léon,63,bronze,France,65,56,66,68,50,62,https://wefut.com/player/13/9910/donovan-leon
Mateusz Prus,63,bronze,Poland,64,63,66,66,53,60,https://wefut.com/player/13/8854/mateusz-prus
Park Jun Hyuk,63,bronze,Korea Republic,63,65,64,65,32,65,https://wefut.com/player/13/8777/park-jun-hyuk
Roman Bürki,63,bronze,Switzerland,64,61,62,63,53,64,https://wefut.com/player/13/6661/roman-burki
Sascha Burchert,63,bronze,Germany,58,67,63,63,48,64,https://wefut.com/player/13/6647/sascha-burchert
Declan Rudd,63,bronze,England,66,63,58,61,54,62,https://wefut.com/player/13/6568/declan-rudd
Gary Woods,63,bronze,England,67,61,56,68,52,57,https://wefut.com/player/13/6098/gary-woods
Robert Lainton,63,bronze,England,65,67,62,69,35,63,https://wefut.com/player/13/5850/robert-lainton
Jo Coppens,63,bronze,Belgium,67,62,65,68,47,57,https://wefut.com/player/13/5820/jo-coppens
Luis Robles,63,bronze,United States,64,63,61,65,53,60,https://wefut.com/player/13/5176/luis-robles
Robert Olejnik,63,bronze,Austria,67,59,51,65,33,63,https://wefut.com/player/13/5056/robert-olejnik
Glen Moss,63,bronze,New Zealand,66,60,57,65,59,60,https://wefut.com/player/13/4496/glen-moss
Jonathan Tuffey,63,bronze,Northern Ireland,64,64,58,63,50,65,https://wefut.com/player/13/4025/jonathan-tuffey
Senzo Meyiwa,63,bronze,South Africa,62,64,63,65,51,58,https://wefut.com/player/13/3772/senzo-meyiwa
Orlando,63,bronzerare,Spain,74,52,53,72,43,62,https://wefut.com/player/13/3591/hamdi-kasraoui
Achille Coser,63,bronze,Italy,62,63,55,66,42,64,https://wefut.com/player/13/3442/achille-coser
Yves Lenaerts,63,bronze,Belgium,63,60,65,68,59,61,https://wefut.com/player/13/3264/yves-lenaerts
Joan Hartock,63,bronze,France,67,58,61,69,55,65,https://wefut.com/player/13/3161/joan-hartock
Vincent Planté,63,bronze,France,63,59,61,66,35,60,https://wefut.com/player/13/2445/vincent-plante
Barry Roche,63,bronze,Republic of Ireland,61,64,64,65,60,62,https://wefut.com/player/13/1102/barry-roche
Adam Collin,63,bronze,England,67,65,63,66,37,58,https://wefut.com/player/13/899/adam-collin
Brian Jensen,63,bronze,Denmark,62,66,55,62,42,64,https://wefut.com/player/13/809/brian-jensen
Ian Bennett,63,bronze,England,66,64,61,59,22,61,https://wefut.com/player/13/300/ian-bennett
Carlo Nash,63,bronze,England,60,66,60,60,45,64,https://wefut.com/player/13/219/carlo-nash
Milos Kocic,62,bronzerare,Serbia,68,56,67,65,35,66,https://wefut.com/player/13/12093/milos-kocic
Patrick Drewes,62,bronzerare,Germany,62,63,65,59,20,63,https://wefut.com/player/13/10969/patrick-drewes
Pavol Bajza,62,bronzerare,Slovakia,65,56,57,70,34,60,https://wefut.com/player/13/10886/pavol-bajza
Boy de Jong,62,bronzerare,Netherlands,59,58,67,66,70,64,https://wefut.com/player/13/10614/boy-de-jong
Paolo Tornaghi,62,bronzerare,Italy,63,60,53,66,44,66,https://wefut.com/player/13/10376/paolo-tornaghi
Ivan Kardum,62,bronzerare,Croatia,63,57,56,66,45,67,https://wefut.com/player/13/10292/ivan-kardum
Nigel Bertrams,62,bronzerare,Netherlands,65,67,59,60,65,55,https://wefut.com/player/13/10205/nigel-bertrams
Paulo Gazzaniga,62,bronzerare,Argentina,67,60,87,64,61,55,https://wefut.com/player/13/9861/paulo-gazzaniga
Alexander Schwolow,62,bronzerare,Germany,62,55,63,64,36,66,https://wefut.com/player/13/9279/alexander-schwolow
Joe Willis,62,bronzerare,United States,67,59,55,62,47,65,https://wefut.com/player/13/9129/joe-willis
Johannes Focher,62,bronzerare,Germany,66,57,59,60,44,64,https://wefut.com/player/13/8228/johannes-focher
Matej Delač,62,bronzerare,Croatia,65,61,59,70,52,58,https://wefut.com/player/13/7956/matej-delac
Rafał Gikiewicz,62,bronzerare,Poland,68,65,56,63,26,61,https://wefut.com/player/13/7840/rafal-gikiewicz
Diego García,62,bronzerare,Spain,64,58,51,71,33,59,https://wefut.com/player/13/7832/diego-garcia
Samuel Radlinger,62,bronzerare,Austria,65,58,56,66,58,60,https://wefut.com/player/13/7629/samuel-radlinger
Hamdi Kasraoui,63,bronze,Tunisia,65,64,60,62,43,66,https://wefut.com/player/13/7116/milos-kocic
Mark Howard,62,bronzerare,England,62,64,70,62,34,62,https://wefut.com/player/13/5733/mark-howard
David González,62,bronzerare,Colombia,66,64,61,60,34,63,https://wefut.com/player/13/5585/david-gonzalez
Chris Seitz,62,bronzerare,United States,66,58,61,64,64,60,https://wefut.com/player/13/5141/chris-seitz
Yang Dong Won,62,bronzerare,Korea Republic,66,57,61,65,65,65,https://wefut.com/player/13/4632/yang-dong-won
Trevor Carson,62,bronzerare,Northern Ireland,67,56,69,66,58,64,https://wefut.com/player/13/3706/trevor-carson
Greg Sutton,62,bronzerare,Canada,66,61,63,63,55,59,https://wefut.com/player/13/3694/greg-sutton
Jake Cole,62,bronzerare,England,61,57,68,71,64,58,https://wefut.com/player/13/3389/jake-cole
Donovan Ricketts,62,bronzerare,Jamaica,67,53,55,68,62,62,https://wefut.com/player/13/3287/donovan-ricketts
Wojciech Skaba,62,bronzerare,Poland,69,59,55,61,44,64,https://wefut.com/player/13/3190/wojciech-skaba
Sergey Veremko,62,bronzerare,Belarus,63,71,66,70,60,46,https://wefut.com/player/13/3147/sergey-veremko
David De Navas,62,bronzerare,Spain,58,71,55,54,46,69,https://wefut.com/player/13/2148/david-de-navas
Mark Paston,62,bronzerare,New Zealand,64,60,60,62,31,62,https://wefut.com/player/13/1931/mark-paston
Paul Jones,62,bronzerare,England,72,59,53,67,58,54,https://wefut.com/player/13/1620/paul-jones
Alberto,62,bronzerare,Spain,55,69,60,54,47,74,https://wefut.com/player/13/1202/alberto
Steve Phillips,62,bronzerare,England,49,65,76,71,31,61,https://wefut.com/player/13/1034/steve-phillips
Richard Wright,62,bronzerare,England,68,61,65,61,40,57,https://wefut.com/player/13/758/richard-wright
John Sullivan,62,bronze,England,64,63,62,61,43,65,https://wefut.com/player/13/13750/john-sullivan
George Long,62,bronze,England,65,57,52,71,47,60,https://wefut.com/player/13/12415/george-long
Evan Bush,62,bronze,United States,65,64,56,65,45,60,https://wefut.com/player/13/10097/evan-bush
Pietro Terracciano,62,bronze,Italy,62,60,50,68,44,64,https://wefut.com/player/13/9985/pietro-terracciano
Mirko Pigliacelli,62,bronze,Italy,61,59,55,68,45,64,https://wefut.com/player/13/9937/mirko-pigliacelli
Freddy Hall,62,bronze,Bermuda,66,63,62,65,55,59,https://wefut.com/player/13/9753/freddy-hall
David Bingham,62,bronze,United States,62,62,68,64,49,62,https://wefut.com/player/13/9200/david-bingham
Hobie Verhulst,62,bronze,Netherlands,63,60,63,62,45,61,https://wefut.com/player/13/8804/hobie-verhulst
Milos Kocic,62,bronzerare,Serbia,68,56,67,65,35,61,https://wefut.com/player/13/8107/brian-perk
José Antonio Rodríguez,62,bronze,Mexico,61,64,63,64,35,63,https://wefut.com/player/13/7317/jose-antonio-rodriguez
Andrea Pierobon,62,bronze,Italy,60,64,55,60,48,65,https://wefut.com/player/13/6536/andrea-pierobon
Song Yoo Gul,62,bronze,Korea Republic,62,62,60,62,48,63,https://wefut.com/player/13/5452/song-yoo-gul
Brad Knighton,62,bronze,United States,66,62,60,65,43,61,https://wefut.com/player/13/5315/brad-knighton
Kévin Olimpa,62,bronze,France,64,63,62,62,29,65,https://wefut.com/player/13/5123/kevin-olimpa
John Sullivan,62,bronze,England,64,63,62,61,43,65,https://wefut.com/player/13/4472/john-sullivan
Josh Lillis,62,bronze,England,66,58,60,68,46,57,https://wefut.com/player/13/3630/josh-lillis
Steve Banks,62,bronze,England,62,63,61,64,45,61,https://wefut.com/player/13/3375/steve-banks
Ryan Clarke,62,bronze,England,65,60,56,66,60,59,https://wefut.com/player/13/3338/ryan-clarke
Daniel Lopar,62,bronze,Switzerland,62,59,56,63,57,64,https://wefut.com/player/13/1862/daniel-lopar
Ben Williams,62,bronze,England,66,52,54,68,54,62,https://wefut.com/player/13/1800/ben-williams
Ryan Esson,62,bronze,Scotland,64,63,56,60,31,62,https://wefut.com/player/13/1731/ryan-esson
Ronald Graafland,62,bronze,Netherlands,67,64,65,64,22,53,https://wefut.com/player/13/1689/ronald-graafland
Jason Brown,62,bronze,Wales,61,64,58,63,44,64,https://wefut.com/player/13/943/jason-brown
Shane Higgs,62,bronze,England,60,62,66,64,52,61,https://wefut.com/player/13/252/shane-higgs
Chris Day,62,bronze,England,64,65,61,59,48,62,https://wefut.com/player/13/18/chris-day
Lee Nicholls,61,bronzerare,England,65,56,55,62,64,63,https://wefut.com/player/13/13760/lee-nicholls
Richard Strebinger,61,bronzerare,Austria,61,57,57,69,55,57,https://wefut.com/player/13/10755/richard-strebinger
Abdullah Al Enezi,61,bronzerare,Saudi Arabia,52,64,65,62,46,69,https://wefut.com/player/13/10478/abdullah-al-enezi
Dani Sotres,61,bronzerare,Spain,63,53,71,80,56,47,https://wefut.com/player/13/9991/dani-sotres
Dorronsoro,61,bronzerare,Spain,53,56,60,72,68,61,https://wefut.com/player/13/9634/dorronsoro
Vitus Eicher,61,bronzerare,Germany,59,63,67,64,61,61,https://wefut.com/player/13/8726/vitus-eicher
Raúl,61,bronzerare,Spain,61,57,54,65,47,66,https://wefut.com/player/13/8383/raul
Lee Nicholls,61,bronzerare,England,65,56,55,62,64,63,https://wefut.com/player/13/8209/lee-nicholls
Wesley Foderingham,61,bronzerare,England,62,61,70,71,36,52,https://wefut.com/player/13/7595/wesley-foderingham
Niclas Heimann,61,bronzerare,Germany,60,56,58,63,42,65,https://wefut.com/player/13/6114/niclas-heimann
Matko Perdijić,61,bronzerare,Croatia,61,60,54,62,42,67,https://wefut.com/player/13/6029/matko-perdijic
Ivan Benito,61,bronzerare,Switzerland,61,56,58,62,54,66,https://wefut.com/player/13/5616/ivan-benito
Rene Gilmartin,61,bronzerare,Republic of Ireland,68,54,50,64,52,62,https://wefut.com/player/13/4540/rene-gilmartin
Adam Stachowiak,61,bronzerare,Poland,61,57,62,72,46,58,https://wefut.com/player/13/4205/adam-stachowiak
Mark Cousins,61,bronzerare,England,64,61,44,71,56,50,https://wefut.com/player/13/3713/mark-cousins
Jakub Szmatuła,61,bronzerare,Poland,62,63,58,56,50,66,https://wefut.com/player/13/2717/jakub-szmatula
Sebastian Przyrowski,61,bronzerare,Poland,72,47,48,59,48,64,https://wefut.com/player/13/2313/sebastian-przyrowski
Saizar,61,bronzerare,Spain,58,69,56,57,42,64,https://wefut.com/player/13/2191/saizar
Thomas Borenitsch,61,bronzerare,Austria,59,53,70,62,59,65,https://wefut.com/player/13/734/thomas-borenitsch
Glenn Morris,61,bronzerare,England,66,55,63,67,62,57,https://wefut.com/player/13/411/glenn-morris
Ha Kang Jin,61,bronze,Korea Republic,61,64,67,62,33,56,https://wefut.com/player/13/12657/ha-kang-jin
Robin Udegbe,61,bronze,Germany,64,57,59,68,38,55,https://wefut.com/player/13/9805/robin-udegbe
Jonathan Millieras,61,bronze,France,61,62,60,60,44,61,https://wefut.com/player/13/9800/jonathan-millieras
Loris Karius,61,bronze,Germany,66,60,58,63,60,55,https://wefut.com/player/13/9522/loris-karius
Ha Kang Jin,61,bronze,Korea Republic,61,64,67,62,33,56,https://wefut.com/player/13/8821/ha-kang-jin
Marc Martínez,61,bronze,Spain,63,57,68,65,46,60,https://wefut.com/player/13/8742/marc-martinez
Roland Müller,61,bronze,Philippines,63,58,55,67,51,59,https://wefut.com/player/13/8570/roland-muller
Kim Da Sol,61,bronze,Korea Republic,61,66,65,61,44,61,https://wefut.com/player/13/8423/kim-da-sol
Kim Min Sik,61,bronze,Korea Republic,61,65,63,62,34,64,https://wefut.com/player/13/8411/kim-min-sik
Dani Jiménez,61,bronze,Spain,67,58,54,68,42,53,https://wefut.com/player/13/7905/dani-jimenez
Toño,61,bronze,Spain,59,64,51,62,35,61,https://wefut.com/player/13/6967/tono
Daniel Bernhardt,61,bronze,Germany,62,61,57,66,38,56,https://wefut.com/player/13/6711/daniel-bernhardt
Daouda Diakite,61,bronzerare,Burkina Faso,72,59,55,68,46,62,https://wefut.com/player/13/6557/erwin-zelazny
Toni,61,bronze,Spain,64,62,55,66,44,56,https://wefut.com/player/13/6159/toni
Denis Petric,61,bronze,Serbia,57,67,64,63,47,65,https://wefut.com/player/13/5960/denis-petric
Anthony Moris,61,bronze,Belgium,66,57,56,68,47,54,https://wefut.com/player/13/5825/anthony-moris
Ivan Necevski,61,bronze,Australia,63,64,60,59,46,58,https://wefut.com/player/13/5590/ivan-necevski
Renato Dossena,61,bronze,Italy,63,60,52,58,51,62,https://wefut.com/player/13/4335/renato-dossena
Conrad Logan,61,bronze,Republic of Ireland,60,60,66,68,55,57,https://wefut.com/player/13/3174/conrad-logan
Anssi Jaakkola,61,bronze,Finland,63,61,56,62,58,61,https://wefut.com/player/13/2962/anssi-jaakkola
Chris Smith,61,bronze,Scotland,62,61,52,61,31,63,https://wefut.com/player/13/2761/chris-smith
Cabrero,61,bronze,Spain,57,68,58,61,42,63,https://wefut.com/player/13/2150/cabrero
Baek Min Chul,61,bronze,Korea Republic,62,60,59,62,53,61,https://wefut.com/player/13/1860/baek-min-chul
Kwon Jeong Hyuk,61,bronze,Korea Republic,59,61,61,64,50,59,https://wefut.com/player/13/1598/kwon-jeong-hyuk
René Renno,61,bronze,Germany,61,59,55,65,30,62,https://wefut.com/player/13/1157/rene-renno
Clément Maury,61,bronze,France,66,62,57,66,51,53,https://wefut.com/player/13/1154/clement-maury
Nicky Weaver,61,bronze,England,59,63,65,63,52,59,https://wefut.com/player/13/793/nicky-weaver
Mark Brown,61,bronze,Scotland,61,64,52,61,34,61,https://wefut.com/player/13/585/mark-brown
Jon Knudsen,61,bronze,Norway,58,62,61,61,31,60,https://wefut.com/player/13/534/jon-knudsen
Jamie Langfield,61,bronze,Scotland,65,58,53,62,31,61,https://wefut.com/player/13/131/jamie-langfield
Lasse Staw,60,bronzerare,Norway,61,57,56,62,49,66,https://wefut.com/player/13/13763/lasse-staw
Oscar Jansson,60,bronzerare,Sweden,68,50,39,73,59,56,https://wefut.com/player/13/12111/oscar-jansson
Sam Walker,60,bronzerare,England,55,58,68,64,46,60,https://wefut.com/player/13/11922/sam-walker
Lukas Raeder,60,bronzerare,Germany,64,58,60,63,26,54,https://wefut.com/player/13/10768/lukas-raeder
Dejan Stojanovic,60,bronzerare,Austria,65,54,57,68,34,55,https://wefut.com/player/13/9984/dejan-stojanovic
Janis Blaswich,60,bronzerare,Germany,65,60,64,67,63,51,https://wefut.com/player/13/9596/janis-blaswich
Raphael,60,bronzerare,Brazil,65,58,56,62,55,64,https://wefut.com/player/13/9443/raphael
Erwin Zelazny,61,bronze,France,65,59,55,65,46,62,https://wefut.com/player/13/9272/connor-ripley
Yeray,60,bronzerare,Spain,60,69,56,57,44,60,https://wefut.com/player/13/8799/yeray
Sam Walker,60,bronzerare,England,55,58,68,64,46,60,https://wefut.com/player/13/8750/sam-walker
Baba Tchagouni,60,bronzerare,Togo,64,58,70,64,40,62,https://wefut.com/player/13/8038/baba-tchagouni
Andrew Dykstra,60,bronzerare,United States,68,58,62,65,55,57,https://wefut.com/player/13/7600/andrew-dykstra
Jeon Tae Hyun,60,bronzerare,Korea Republic,64,63,60,61,41,62,https://wefut.com/player/13/7287/jeon-tae-hyun
Oscar Jansson,60,bronzerare,Sweden,68,50,39,73,59,56,https://wefut.com/player/13/7068/oscar-jansson
Dávid Gróf,60,bronzerare,Hungary,66,52,70,68,59,51,https://wefut.com/player/13/6670/david-grof
Stephan Flauder,60,bronzerare,Germany,64,58,57,64,50,56,https://wefut.com/player/13/5832/stephan-flauder
Lee Butcher,60,bronzerare,England,69,54,45,66,36,52,https://wefut.com/player/13/5651/lee-butcher
Sten Michael Grytebust,60,bronzerare,Norway,66,52,49,79,23,52,https://wefut.com/player/13/5639/sten-michael-grytebust
Jasmin Fejzić,60,bronzerare,Bosnia Herzegovina,58,63,54,59,33,61,https://wefut.com/player/13/3938/jasmin-fejzic
Lasse Staw,60,bronzerare,Norway,61,57,56,62,49,66,https://wefut.com/player/13/2574/lasse-staw
Damien Perquis,60,bronzerare,France,58,61,59,60,46,68,https://wefut.com/player/13/1336/damien-perquis
Michael Langer,60,bronzerare,Austria,61,62,55,66,51,52,https://wefut.com/player/13/1146/michael-langer
Håkon Opdal,60,bronzerare,Norway,60,53,64,70,54,55,https://wefut.com/player/13/814/hakon-opdal
David Lucas,60,bronze,England,57,60,64,64,54,60,https://wefut.com/player/13/12110/david-lucas
Tom Neukam,60,bronze,Germany,62,59,56,67,39,52,https://wefut.com/player/13/10739/tom-neukam
Nasser Al Saieri,60,bronze,Saudi Arabia,63,67,53,57,42,58,https://wefut.com/player/13/10561/nasser-al-saieri
Fahad Al Thunayyan,60,bronze,Saudi Arabia,65,59,62,61,46,56,https://wefut.com/player/13/10529/fahad-al-thunayyan
Christian Dobnik,60,bronze,Austria,62,55,53,62,41,62,https://wefut.com/player/13/10420/christian-dobnik
Martijn de Zwart,60,bronze,Netherlands,60,61,58,60,40,59,https://wefut.com/player/13/10001/martijn-de-zwart
Martin Sourzac,60,bronze,France,62,59,53,62,48,58,https://wefut.com/player/13/9979/martin-sourzac
André Weis,60,bronze,Germany,66,56,61,66,40,54,https://wefut.com/player/13/9922/andre-weis
Joshua Smits,60,bronze,Netherlands,62,55,60,64,56,60,https://wefut.com/player/13/9817/joshua-smits
Connor Ripley,60,bronzerare,South Africa,61,59,44,62,40,61,https://wefut.com/player/13/9774/brighton-mhlongo
Bryan Roox,60,bronze,Netherlands,61,60,61,60,46,60,https://wefut.com/player/13/9736/bryan-roox
Miranda,60,bronze,Brazil,60,60,52,63,30,57,https://wefut.com/player/13/8957/miranda
Alex Pena,60,bronze,Romania,60,60,50,62,39,60,https://wefut.com/player/13/8920/alex-pena
Ross Worner,60,bronze,England,61,57,58,65,59,58,https://wefut.com/player/13/8800/ross-worner
Marcel Lenz,60,bronze,Germany,61,58,56,63,51,60,https://wefut.com/player/13/8568/marcel-lenz
Jonathan Ligali,60,bronze,France,60,67,54,62,46,61,https://wefut.com/player/13/8563/jonathan-ligali
Juan Carlos,60,bronze,Spain,64,57,52,65,58,57,https://wefut.com/player/13/7871/juan-carlos
Mark Halstead,60,bronze,England,62,58,55,65,51,59,https://wefut.com/player/13/7860/mark-halstead
Samuel Atrous,60,bronze,France,67,59,65,64,30,57,https://wefut.com/player/13/7810/samuel-atrous
Tim Coremans,60,bronze,Netherlands,61,61,60,61,38,58,https://wefut.com/player/13/7670/tim-coremans
Rémi Pillot,60,bronze,France,59,61,65,61,46,60,https://wefut.com/player/13/7165/remi-pillot
Giorgi Makaridze,60,bronze,Georgia,66,64,42,62,30,60,https://wefut.com/player/13/7085/giorgi-makaridze
Ole Söderberg,60,bronze,Sweden,65,60,62,66,50,60,https://wefut.com/player/13/6896/ole-soderberg
Mark Birighitti,60,bronze,Australia,63,60,54,62,46,59,https://wefut.com/player/13/6493/mark-birighitti
Luke Daniels,60,bronze,England,66,52,56,67,44,56,https://wefut.com/player/13/5933/luke-daniels
Arjan van Dijk,60,bronze,Netherlands,61,63,61,57,31,61,https://wefut.com/player/13/5782/arjan-van-dijk
Artur Krysiak,60,bronze,Poland,66,54,50,68,50,59,https://wefut.com/player/13/5554/artur-krysiak
Richard O'Donnell,60,bronze,England,61,56,64,66,52,56,https://wefut.com/player/13/5464/richard-o-donnell
Ben Kennedy,60,bronze,Australia,64,55,58,63,41,58,https://wefut.com/player/13/5319/ben-kennedy
Kyle Reynish,60,bronze,United States,61,64,59,57,41,63,https://wefut.com/player/13/5281/kyle-reynish
Sergio Viotti,60,bronze,Italy,56,58,50,66,50,62,https://wefut.com/player/13/5049/sergio-viotti
Chase Harrison,60,bronze,United States,64,63,59,60,57,59,https://wefut.com/player/13/5036/chase-harrison
Han Dong Jin,60,bronze,Korea Republic,62,56,57,61,50,64,https://wefut.com/player/13/4623/han-dong-jin
Csaba Somogyi,60,bronze,Hungary,66,67,53,55,34,56,https://wefut.com/player/13/3535/csaba-somogyi
Brighton Mhlongo,60,bronze,South Africa,61,59,44,62,50,63,https://wefut.com/player/13/3519/jay-nolly
Lee Hollis,60,bronze,Scotland,58,61,62,61,31,63,https://wefut.com/player/13/2881/lee-hollis
Stuart Nelson,60,bronze,England,61,63,59,58,59,61,https://wefut.com/player/13/2648/stuart-nelson
Gary Rogers,60,bronze,Republic of Ireland,59,58,57,66,35,60,https://wefut.com/player/13/2405/gary-rogers
Arjan Christianen,60,bronze,Netherlands,60,62,63,59,52,62,https://wefut.com/player/13/1489/arjan-christianen
Scott Shearer,60,bronze,Scotland,65,60,56,62,37,55,https://wefut.com/player/13/1387/scott-shearer
Alejandro,60,bronze,Spain,59,65,55,61,56,62,https://wefut.com/player/13/1294/alejandro
David Lucas,60,bronze,England,57,60,64,64,54,60,https://wefut.com/player/13/1060/david-lucas
Paul Smith,60,bronze,England,59,52,55,65,41,62,https://wefut.com/player/13/1024/paul-smith
Jimmy Walker,60,bronze,England,58,57,59,65,22,63,https://wefut.com/player/13/941/jimmy-walker
Andy Warrington,60,bronze,England,62,61,54,60,52,60,https://wefut.com/player/13/285/andy-warrington
Graham Stack,60,bronze,Republic of Ireland,61,61,56,59,37,62,https://wefut.com/player/13/157/graham-stack
Rab Douglas,60,bronze,Scotland,59,62,62,55,28,62,https://wefut.com/player/13/134/rab-douglas
Richard Sánchez,59,bronzerare,Mexico,69,53,59,62,51,53,https://wefut.com/player/13/13860/richard-sanchez
Renze Fij,59,bronzerare,Netherlands,56,55,68,70,31,55,https://wefut.com/player/13/9682/renze-fij
Richard Sánchez,59,bronzerare,Mexico,69,53,59,62,51,53,https://wefut.com/player/13/9277/richard-sanchez
Chris Lewington,59,bronzerare,England,66,51,48,71,60,48,https://wefut.com/player/13/8268/chris-lewington
Justin Pasfield,59,bronzerare,Australia,68,51,50,67,39,51,https://wefut.com/player/13/5540/justin-pasfield
Dean Bouzanis,59,bronzerare,Australia,58,57,59,64,65,57,https://wefut.com/player/13/5379/dean-bouzanis
Scott Bevan,59,bronzerare,England,61,55,64,63,27,59,https://wefut.com/player/13/2553/scott-bevan
Anthony Favre,59,bronzerare,Switzerland,64,62,54,55,60,60,https://wefut.com/player/13/1845/anthony-favre
Cameron Belford,59,bronze,England,67,52,53,69,48,55,https://wefut.com/player/13/11559/cameron-belford
Marcel Schuhen,59,bronze,Germany,64,55,66,61,55,54,https://wefut.com/player/13/10753/marcel-schuhen
Abdulrahman Al Ghamdi,59,bronze,Saudi Arabia,65,54,60,62,42,55,https://wefut.com/player/13/10599/abdulrahman-al-ghamdi
Mustafa Malaika,59,bronze,Saudi Arabia,64,63,61,55,46,54,https://wefut.com/player/13/10541/mustafa-malaika
Jay Nolly,60,bronze,United States,63,59,58,55,50,63,https://wefut.com/player/13/3519/jay-nolly
Yoon Ki Hea,59,bronze,Korea Republic,66,64,61,58,46,52,https://wefut.com/player/13/10111/yoon-ki-hea
Kim Sun Kyu,59,bronze,Korea Republic,56,55,61,63,44,61,https://wefut.com/player/13/9340/kim-sun-kyu
Jake Gleeson,59,bronze,New Zealand,59,62,60,58,47,57,https://wefut.com/player/13/9315/jake-gleeson
Damian Martinez,59,bronze,Argentina,64,56,48,65,59,55,https://wefut.com/player/13/9285/damian-martinez
Bryan Meredith,59,bronze,United States,64,59,65,63,41,53,https://wefut.com/player/13/9143/bryan-meredith
Ryan Allsop,59,bronze,England,61,57,61,62,42,59,https://wefut.com/player/13/8580/ryan-allsop
Tyler Deric,59,bronze,United States,62,59,60,64,32,55,https://wefut.com/player/13/7702/tyler-deric
Leandro,59,bronze,Spain,57,65,60,56,36,58,https://wefut.com/player/13/7488/leandro
Jung San,59,bronze,Korea Republic,63,59,53,64,48,57,https://wefut.com/player/13/7255/jung-san
Cameron Belford,59,bronze,England,67,52,53,69,48,55,https://wefut.com/player/13/5962/cameron-belford
Tando Velaphi,59,bronze,Australia,64,54,53,67,58,52,https://wefut.com/player/13/5297/tando-velaphi
Chris Dunn,59,bronze,England,63,62,40,67,56,47,https://wefut.com/player/13/5161/chris-dunn
Seb Brown,59,bronze,England,63,59,51,64,47,56,https://wefut.com/player/13/5091/seb-brown
Lee Jung Rae,59,bronze,Korea Republic,60,62,61,56,38,58,https://wefut.com/player/13/4616/lee-jung-rae
Jessy Moulin,59,bronze,France,58,61,60,59,51,61,https://wefut.com/player/13/4276/jessy-moulin
David Gonzalez,59,bronze,Switzerland,63,55,57,65,54,52,https://wefut.com/player/13/3892/david-gonzalez
Roberto Maurantonio,59,bronze,Italy,58,60,50,61,47,60,https://wefut.com/player/13/3827/roberto-maurantonio
Chris Neal,59,bronze,England,60,56,55,63,59,58,https://wefut.com/player/13/3690/chris-neal
Michael Poke,59,bronze,England,63,59,57,59,53,57,https://wefut.com/player/13/2793/michael-poke
Scott Brown,59,bronze,England,62,50,58,64,58,57,https://wefut.com/player/13/2544/scott-brown
Matt Duke,59,bronze,England,53,67,56,59,48,63,https://wefut.com/player/13/2497/matt-duke
Choi Hyun,59,bronze,Korea Republic,61,60,68,61,38,62,https://wefut.com/player/13/1584/choi-hyun
Michael Fraser,59,bronze,Scotland,58,57,54,64,24,59,https://wefut.com/player/13/1419/michael-fraser
Zlatan Alomerovic,59,bronze,Germany,66,58,50,66,36,64,https://wefut.com/player/13/655/petter-wasta
Peter Enckelman,59,bronze,Finland,57,58,51,60,55,63,https://wefut.com/player/13/529/peter-enckelman
Papa Demba Camara,58,bronzerare,Senegal,74,49,53,61,44,50,https://wefut.com/player/13/9797/papa-demba-camara
Jamal Blackman,58,bronzerare,England,65,48,58,65,45,53,https://wefut.com/player/13/9786/jamal-blackman
Lee Bum Soo,58,bronzerare,Korea Republic,58,62,58,62,63,59,https://wefut.com/player/13/9763/lee-bum-soo
Josh Ford,58,bronzerare,United States,65,51,61,62,68,57,https://wefut.com/player/13/9233/josh-ford
Jerrad Tyson,58,bronzerare,Australia,56,61,57,57,62,59,https://wefut.com/player/13/8707/jerrad-tyson
Cyprien Baguette,58,bronzerare,Belgium,61,56,58,64,61,53,https://wefut.com/player/13/5813/cyprien-baguette
Jayson Leutwiler,58,bronzerare,Switzerland,55,57,53,60,55,61,https://wefut.com/player/13/5594/jayson-leutwiler
Andrew Redmayne,58,bronzerare,Australia,60,59,60,60,42,64,https://wefut.com/player/13/5569/andrew-redmayne
Eric Kronberg,58,bronzerare,United States,61,58,58,60,47,61,https://wefut.com/player/13/5037/eric-kronberg
Alan Martin,58,bronzerare,Scotland,61,56,58,63,66,55,https://wefut.com/player/13/4460/alan-martin
Jamie Young,58,bronzerare,England,60,61,51,59,65,54,https://wefut.com/player/13/3390/jamie-young
Kasper Jensen,58,bronzerare,Denmark,66,55,65,58,61,50,https://wefut.com/player/13/673/kasper-jensen
Barry Murphy,58,bronze,Republic of Ireland,57,58,54,61,34,58,https://wefut.com/player/13/12124/barry-murphy
Abdullah Alsdairy,58,bronze,Saudi Arabia,58,57,58,63,41,55,https://wefut.com/player/13/11006/abdullah-alsdairy
Mattijs Branderhorst,58,bronze,Netherlands,60,57,55,60,40,57,https://wefut.com/player/13/10993/mattijs-branderhorst
Abdullah Al Saleh,58,bronze,Saudi Arabia,61,58,54,57,48,57,https://wefut.com/player/13/10978/abdullah-al-saleh
Niklas Lomb,58,bronze,Germany,65,52,59,62,36,57,https://wefut.com/player/13/10873/niklas-lomb
Quentin Beunardeau,58,bronze,France,59,56,57,59,55,57,https://wefut.com/player/13/10721/quentin-beunardeau
Pascal Elissalde,58,bronze,France,60,56,60,65,42,53,https://wefut.com/player/13/10688/pascal-elissalde
Abdullah Al Auichir,58,bronze,Saudi Arabia,67,54,58,59,59,53,https://wefut.com/player/13/10669/abdullah-al-auichir
Mohammed Alkhojli,58,bronze,Saudi Arabia,59,57,53,56,49,62,https://wefut.com/player/13/10513/mohammed-alkhojli
Khalid Sharahili,58,bronze,Saudi Arabia,56,56,56,58,40,65,https://wefut.com/player/13/10491/khalid-sharahili
Jérémy Frick,58,bronze,Switzerland,59,62,64,60,42,51,https://wefut.com/player/13/10059/jeremy-frick
Garabato,58,bronze,Spain,61,53,49,64,47,56,https://wefut.com/player/13/9006/garabato
Johann Durand,58,bronze,France,57,61,63,61,29,61,https://wefut.com/player/13/8307/johann-durand
Simon Moore,58,bronze,England,64,53,53,65,39,52,https://wefut.com/player/13/7818/simon-moore
Ian McLoughlin,58,bronze,Republic of Ireland,66,54,41,66,31,53,https://wefut.com/player/13/7773/ian-mcloughlin
Maik van den Kieboom,58,bronze,Netherlands,58,56,63,64,48,55,https://wefut.com/player/13/7717/maik-van-den-kieboom
Bobby Shuttleworth,58,bronze,United States,59,56,58,61,44,62,https://wefut.com/player/13/7614/bobby-shuttleworth
Kim Keun Bae,58,bronze,Korea Republic,59,60,59,58,40,58,https://wefut.com/player/13/7256/kim-keun-bae
Tisir Al Antaif,58,bronze,Saudi Arabia,62,58,62,51,42,64,https://wefut.com/player/13/7217/tisir-al-antaif
David Cornell,58,bronze,Wales,57,58,59,61,47,55,https://wefut.com/player/13/6940/david-cornell
Caleb,58,bronze,United States,58,55,63,59,36,64,https://wefut.com/player/13/6389/caleb
Gerard Doherty,58,bronze,Republic of Ireland,61,55,57,61,33,59,https://wefut.com/player/13/6267/gerard-doherty
Stefan Deloose,58,bronze,Belgium,57,59,61,61,56,53,https://wefut.com/player/13/5821/stefan-deloose
Scott Davies,58,bronze,England,57,62,51,61,19,57,https://wefut.com/player/13/5476/scott-davies
Ben Smith,58,bronze,England,60,58,61,63,41,55,https://wefut.com/player/13/4706/ben-smith
Marco Knaller,58,bronze,Austria,61,52,51,68,51,54,https://wefut.com/player/13/4414/marco-knaller
Kristof Maes,58,bronze,Belgium,61,54,60,62,52,53,https://wefut.com/player/13/4285/kristof-maes
Barry Murphy,58,bronze,Republic of Ireland,57,58,54,61,34,58,https://wefut.com/player/13/3703/barry-murphy
Naby-Moussa Yattara,58,bronze,Guinea,57,53,60,68,50,52,https://wefut.com/player/13/2973/naby-moussa-yattara
Brendan Clarke,58,bronze,Republic of Ireland,59,56,57,63,54,59,https://wefut.com/player/13/2920/brendan-clarke
Simone Farelli,58,bronze,Italy,67,53,55,65,46,52,https://wefut.com/player/13/1643/simone-farelli
Andy Marshall,58,bronze,England,59,57,54,60,52,58,https://wefut.com/player/13/759/andy-marshall
Saul Deeney,58,bronze,Republic of Ireland,54,56,65,63,46,57,https://wefut.com/player/13/396/saul-deeney
Luca Savelloni,57,bronzerare,Italy,64,55,56,59,43,51,https://wefut.com/player/13/10930/luca-savelloni
Quillan Roberts,57,bronzerare,Canada,63,57,53,60,69,51,https://wefut.com/player/13/10779/quillan-roberts
José Carlos,58,bronze,Spain,57,63,49,59,55,66,https://wefut.com/player/13/10770/philip-sprint
Tim Melia,57,bronzerare,United States,60,57,70,61,39,53,https://wefut.com/player/13/8723/tim-melia
Parfait Mandanda,57,bronzerare,DR Congo,61,58,56,60,68,54,https://wefut.com/player/13/7102/parfait-mandanda
Jon Masalin,57,bronzerare,Finland,58,52,46,70,26,56,https://wefut.com/player/13/6304/jon-masalin
Assaf Al Garni,57,bronze,Saudi Arabia,63,55,58,59,42,53,https://wefut.com/player/13/10805/assaf-al-garni
Abdullah Mayof,57,bronze,Saudi Arabia,62,55,57,64,50,49,https://wefut.com/player/13/10785/abdullah-mayof
Hassen Mouez,57,bronze,France,61,50,55,63,41,52,https://wefut.com/player/13/10636/hassen-mouez
Jaber Al Aameri,57,bronze,Saudi Arabia,59,53,55,63,40,54,https://wefut.com/player/13/10555/jaber-al-aameri
Jeremy Vuolo,57,bronze,United States,58,55,60,61,43,56,https://wefut.com/player/13/10267/jeremy-vuolo
Markus Egger,57,bronze,Austria,53,53,57,60,23,63,https://wefut.com/player/13/9567/markus-egger
Lawrence Thomas,57,bronze,Australia,64,51,53,65,28,54,https://wefut.com/player/13/9463/lawrence-thomas
Samuel Cowler,57,bronze,England,62,54,46,62,52,52,https://wefut.com/player/13/9449/samuel-cowler
Joe Day,57,bronze,England,67,44,35,68,57,54,https://wefut.com/player/13/9375/joe-day
Ryu Won Woo,57,bronze,Korea Republic,64,58,65,57,35,54,https://wefut.com/player/13/9350/ryu-won-woo
Sean McDermott,57,bronze,Republic of Ireland,59,55,47,58,44,57,https://wefut.com/player/13/9284/sean-mcdermott
Evan Newton,57,bronze,United States,57,60,57,60,36,57,https://wefut.com/player/13/9232/evan-newton
Kilian Pruschke,57,bronze,Germany,61,55,61,62,58,54,https://wefut.com/player/13/9062/kilian-pruschke
Sven Dhoest,57,bronze,Belgium,62,57,60,65,54,47,https://wefut.com/player/13/9035/sven-dhoest
Julien Latendresse,57,bronze,Canada,60,56,56,61,60,51,https://wefut.com/player/13/8975/julien-latendresse
Adrien Saussez,57,bronze,Belgium,52,60,60,62,52,56,https://wefut.com/player/13/8650/adrien-saussez
Mathieu Gorgelin,57,bronze,France,67,52,59,60,45,54,https://wefut.com/player/13/8552/mathieu-gorgelin
David Oberhauser,57,bronze,France,63,56,51,56,47,58,https://wefut.com/player/13/8160/david-oberhauser
Raúl,57,bronze,Spain,65,54,50,63,55,46,https://wefut.com/player/13/7924/raul
Thomas Bosmel,57,bronze,France,59,55,63,62,37,57,https://wefut.com/player/13/7899/thomas-bosmel
Kevin Fickentscher,57,bronze,Switzerland,56,52,54,67,56,55,https://wefut.com/player/13/7662/kevin-fickentscher
Philip Sprint,57,bronzerare,Germany,60,53,48,65,47,53,https://wefut.com/player/13/7382/jed-steer
Gabriel Sava,57,bronze,Italy,58,56,57,61,39,58,https://wefut.com/player/13/6924/gabriel-sava
Mark Oxley,57,bronze,England,61,56,55,62,31,54,https://wefut.com/player/13/6171/mark-oxley
Ian Joyce,57,bronze,United States,59,63,57,59,40,55,https://wefut.com/player/13/6138/ian-joyce
Jake Kean,57,bronze,England,67,48,53,69,50,53,https://wefut.com/player/13/6123/jake-kean
Josip Solic,57,bronze,Croatia,55,57,51,59,52,58,https://wefut.com/player/13/4821/josip-solic
Norbert Witkowski,57,bronze,Poland,63,49,56,63,49,57,https://wefut.com/player/13/4605/norbert-witkowski
Scott Gallacher,57,bronze,Scotland,57,61,64,59,32,54,https://wefut.com/player/13/4450/scott-gallacher
Andrew Weber,57,bronze,United States,61,58,61,62,50,51,https://wefut.com/player/13/4022/andrew-weber
Ian Dunbavin,57,bronze,England,56,61,51,60,58,58,https://wefut.com/player/13/2475/ian-dunbavin
Peter Cherrie,57,bronze,Scotland,58,57,59,58,25,56,https://wefut.com/player/13/1982/peter-cherrie
Andreas Lie,56,bronzerare,Norway,54,55,47,71,34,57,https://wefut.com/player/13/12137/andreas-lie
Nicolas Lemaire,56,bronzerare,Belgium,61,57,63,52,50,53,https://wefut.com/player/13/10643/nicolas-lemaire
Ioannis Gelios,56,bronzerare,Greece,57,58,53,59,61,55,https://wefut.com/player/13/9664/ioannis-gelios
Han Il Koo,56,bronzerare,Korea Republic,57,59,54,52,63,58,https://wefut.com/player/13/9333/han-il-koo
Theodoros Moschonas,56,bronzerare,Greece,59,58,64,58,29,54,https://wefut.com/player/13/8909/theodoros-moschonas
Chris Konopka,56,bronzerare,United States,57,54,57,59,30,60,https://wefut.com/player/13/5314/chris-konopka
Andreas Lie,56,bronzerare,Norway,54,55,47,71,34,57,https://wefut.com/player/13/3908/andreas-lie
Gabriel Wüthrich,56,bronzerare,Switzerland,56,53,53,61,65,54,https://wefut.com/player/13/2125/gabriel-wuthrich
Rhys Evans,56,bronzerare,England,68,49,54,51,31,56,https://wefut.com/player/13/1252/rhys-evans
Ross Atkins,56,bronze,England,60,60,57,56,45,50,https://wefut.com/player/13/13784/ross-atkins
Richard Brush,56,bronze,England,54,56,57,60,53,56,https://wefut.com/player/13/12133/richard-brush
Neil Etheridge,56,bronze,Philippines,66,55,56,55,44,49,https://wefut.com/player/13/11560/neil-etheridge
Thomas Vincensini,56,bronze,France,58,47,53,66,54,54,https://wefut.com/player/13/10691/thomas-vincensini
Koen Vanlangendonck,56,bronze,Belgium,57,54,56,57,48,57,https://wefut.com/player/13/10601/koen-vanlangendonck
Jed Steer,57,bronze,England,64,53,48,65,40,55,https://wefut.com/player/13/10511/ahmed-al-kassar
Patrick McLain,56,bronze,United States,60,54,60,61,43,52,https://wefut.com/player/13/10379/patrick-mclain
Lee Yang Jong,56,bronze,Korea Republic,58,56,54,59,49,52,https://wefut.com/player/13/10340/lee-yang-jong
Mark Ridgers,56,bronze,Scotland,60,53,56,58,41,54,https://wefut.com/player/13/10293/mark-ridgers
Sillero,56,bronze,Spain,57,58,52,62,49,48,https://wefut.com/player/13/9862/sillero
Mehdi Jeannin,56,bronze,France,54,52,57,59,45,62,https://wefut.com/player/13/9769/mehdi-jeannin
Hwang Kyo Chung,56,bronze,Korea Republic,57,60,62,61,52,52,https://wefut.com/player/13/9649/hwang-kyo-chung
Alex Cairns,56,bronze,England,57,49,54,62,31,53,https://wefut.com/player/13/9413/alex-cairns
Nikolaos Papadopoulos,56,bronze,Greece,57,54,51,65,60,54,https://wefut.com/player/13/9148/nikolaos-papadopoulos
Jon Kempin,56,bronze,United States,63,60,62,53,58,49,https://wefut.com/player/13/8955/jon-kempin
Grant Adam,56,bronze,Scotland,58,56,52,58,43,55,https://wefut.com/player/13/8949/grant-adam
Tim Murray,56,bronze,United States,59,56,58,58,52,54,https://wefut.com/player/13/8916/tim-murray
Jonathan Bond,56,bronze,Wales,63,48,50,64,51,49,https://wefut.com/player/13/8111/jonathan-bond
Neil Young,56,bronze,Australia,52,63,66,52,36,54,https://wefut.com/player/13/7788/neil-young
Carl Pentney,56,bronze,England,64,50,55,68,26,45,https://wefut.com/player/13/7649/carl-pentney
Karl Darlow,56,bronze,England,55,56,54,58,32,56,https://wefut.com/player/13/7648/karl-darlow
Neil Etheridge,56,bronze,Philippines,66,55,56,55,44,49,https://wefut.com/player/13/7598/neil-etheridge
Lalo Fernández,56,bronze,Mexico,56,60,57,63,44,48,https://wefut.com/player/13/7585/lalo-fernandez
Steward Ceus,56,bronze,United States,62,53,53,68,39,46,https://wefut.com/player/13/7115/steward-ceus
Michał Buchalik,56,bronze,Poland,57,52,56,56,28,55,https://wefut.com/player/13/6637/michal-buchalik
Jon McLaughlin,56,bronze,Scotland,58,52,64,61,55,53,https://wefut.com/player/13/6455/jon-mclaughlin
Hong Jeong Nam,56,bronze,Korea Republic,57,57,55,52,35,54,https://wefut.com/player/13/6347/hong-jeong-nam
Ross Atkins,56,bronze,England,60,60,57,56,45,50,https://wefut.com/player/13/6122/ross-atkins
Nathan Goris,56,bronze,Belgium,59,57,56,57,53,51,https://wefut.com/player/13/5824/nathan-goris
Mohammad Khojah,56,bronze,Saudi Arabia,61,57,49,57,27,56,https://wefut.com/player/13/5269/mohammad-khojah
Kyle Letheren,56,bronze,Wales,52,61,55,50,52,61,https://wefut.com/player/13/4130/kyle-letheren
Darren Quigley,56,bronze,Republic of Ireland,54,53,53,62,55,56,https://wefut.com/player/13/3621/darren-quigley
Florent Perraud,56,bronze,France,53,55,51,55,34,61,https://wefut.com/player/13/3050/florent-perraud
Ross Flitney,56,bronze,England,61,54,61,55,55,54,https://wefut.com/player/13/2799/ross-flitney
Richard Brush,56,bronze,England,54,56,57,60,53,56,https://wefut.com/player/13/1760/richard-brush
Michel Kuipers,56,bronze,Netherlands,58,48,34,67,34,57,https://wefut.com/player/13/978/michel-kuipers
Davide Taini,56,bronze,Switzerland,62,53,50,61,42,51,https://wefut.com/player/13/666/davide-taini
Ciarán Kelly,56,bronze,Republic of Ireland,56,56,54,58,40,54,https://wefut.com/player/13/467/ciaran-kelly
Nick Colgan,56,bronze,Republic of Ireland,54,61,59,49,38,61,https://wefut.com/player/13/146/nick-colgan
Liam O'Brien,55,bronzerare,England,60,51,69,55,45,48,https://wefut.com/player/13/8278/liam-o-brien
Joe Bendik,55,bronze,United States,55,54,56,58,14,61,https://wefut.com/player/13/12138/joe-bendik
Faisal Al Margab,55,bronze,Saudi Arabia,55,56,57,57,44,52,https://wefut.com/player/13/11042/faisal-al-margab
Hussain Al Hadad,55,bronze,Saudi Arabia,59,50,52,61,49,49,https://wefut.com/player/13/11035/hussain-al-hadad
Markus Glänzer,55,bronze,Austria,55,52,58,63,43,51,https://wefut.com/player/13/10889/markus-glanzer
Sultan Al Dhahri,55,bronze,Saudi Arabia,61,52,52,61,31,46,https://wefut.com/player/13/10798/sultan-al-dhahri
Vedran Janjetović,55,bronze,Australia,59,49,55,59,39,52,https://wefut.com/player/13/10707/vedran-janjetovic
Khaled Nasser,55,bronze,Saudi Arabia,55,49,53,62,49,55,https://wefut.com/player/13/10655/khaled-nasser
Jomhoor Al Shamrani,55,bronze,Saudi Arabia,59,51,52,56,46,53,https://wefut.com/player/13/10512/jomhoor-al-shamrani
Khalid Radhy,55,bronze,Saudi Arabia,52,58,58,57,44,54,https://wefut.com/player/13/10467/khalid-radhy
Erich Marscheider,55,bronze,Austria,55,54,60,62,40,50,https://wefut.com/player/13/10383/erich-marscheider
Paul Charruau,55,bronze,France,56,58,39,57,42,51,https://wefut.com/player/13/10130/paul-charruau
Baptiste Valette,55,bronze,France,55,57,53,62,37,49,https://wefut.com/player/13/9911/baptiste-valette
Maxime Dupé,55,bronze,France,56,56,53,63,48,52,https://wefut.com/player/13/9717/maxime-dupe
Patrick Tischler,55,bronze,Austria,59,44,52,58,52,57,https://wefut.com/player/13/9545/patrick-tischler
Andreas Arestidou,56,bronze,England,59,57,54,61,35,53,https://wefut.com/player/13/9271/chris-kettings
Carlos López,55,bronze,Mexico,62,58,61,52,30,55,https://wefut.com/player/13/9175/carlos-lopez
Joe Bendik,55,bronze,United States,55,54,56,58,14,61,https://wefut.com/player/13/9013/joe-bendik
Asterios Giakoumis,55,bronze,Greece,65,57,61,57,43,42,https://wefut.com/player/13/8945/asterios-giakoumis
Marvin Gladrow,55,bronze,Germany,61,50,54,62,44,47,https://wefut.com/player/13/8528/marvin-gladrow
Kim Kyo Bin,55,bronze,Korea Republic,55,56,54,55,33,57,https://wefut.com/player/13/8424/kim-kyo-bin
Kim Dae Ho,55,bronze,Korea Republic,55,58,61,57,39,55,https://wefut.com/player/13/7305/kim-dae-ho
Steven Deana,55,bronze,Switzerland,52,57,53,61,56,51,https://wefut.com/player/13/6917/steven-deana
Geoffrey Lembet,55,bronze,Central African Rep.,61,51,59,66,39,47,https://wefut.com/player/13/6614/geoffrey-lembet
Oumar Sissoko,55,bronze,Mali,66,57,52,44,50,51,https://wefut.com/player/13/5371/oumar-sissoko
Mikhael Jaimez-Ruiz,55,bronze,Venezuela,56,51,58,57,59,56,https://wefut.com/player/13/5127/mikhael-jaimez-ruiz
Guillaume Faivre,55,bronze,Switzerland,61,51,59,63,54,51,https://wefut.com/player/13/4119/guillaume-faivre
Joe Anyon,55,bronze,England,59,49,54,63,50,48,https://wefut.com/player/13/4062/joe-anyon
Marcel Herzog,55,bronze,Switzerland,56,54,51,52,55,58,https://wefut.com/player/13/2110/marcel-herzog
Mark McNulty,55,bronze,Republic of Ireland,63,54,50,54,37,50,https://wefut.com/player/13/2044/mark-mcnulty
Markus Böcskör,55,bronze,Austria,54,58,54,55,53,51,https://wefut.com/player/13/1870/markus-bocskor
Daniel Techi Yeboah,55,bronze,Ivory Coast,62,53,51,50,26,56,https://wefut.com/player/13/1861/daniel-techi-yeboah
Yang Han Been,54,bronzerare,Korea Republic,55,59,55,56,42,54,https://wefut.com/player/13/11953/yang-han-been
Markus Kuster,54,bronzerare,Austria,51,53,53,62,46,54,https://wefut.com/player/13/10892/markus-kuster
Markus Scholz,54,bronzerare,Germany,57,51,58,59,24,53,https://wefut.com/player/13/10728/markus-scholz
Yang Han Been,54,bronzerare,Korea Republic,55,59,55,56,42,54,https://wefut.com/player/13/9362/yang-han-been
Brian Sylvestre,54,bronzerare,United States,53,51,68,64,61,48,https://wefut.com/player/13/9300/brian-sylvestre
Eirik Holmen Johansen,54,bronzerare,Norway,45,60,52,71,20,51,https://wefut.com/player/13/7110/eirik-holmen-johansen
David Moser,54,bronzerare,Switzerland,51,54,46,60,61,51,https://wefut.com/player/13/2870/david-moser
Lee Sang Gi,54,bronze,Korea Republic,60,50,54,55,52,58,https://wefut.com/player/13/13866/lee-sang-gi
Chris Kettings,55,bronze,Scotland,58,52,49,58,48,53,https://wefut.com/player/13/11950/reyaad-pieterse
Basem Al Baqi,54,bronze,Saudi Arabia,53,50,51,59,49,53,https://wefut.com/player/13/10975/basem-al-baqi
Mutab Aseri,54,bronze,Saudi Arabia,55,51,51,59,40,52,https://wefut.com/player/13/10972/mutab-aseri
Hussain Rabie,54,bronze,Saudi Arabia,50,56,55,53,47,57,https://wefut.com/player/13/10924/hussain-rabie
Thomas Vollnhofer,54,bronze,Austria,59,50,54,54,47,55,https://wefut.com/player/13/10845/thomas-vollnhofer
Thomas Dähne,54,bronze,Germany,57,50,47,56,47,53,https://wefut.com/player/13/10763/thomas-dahne
Chris Maxwell,54,bronze,Wales,60,55,49,53,19,50,https://wefut.com/player/13/10615/chris-maxwell
Mustafa Al Abbad,54,bronze,Saudi Arabia,53,54,57,54,41,55,https://wefut.com/player/13/10540/mustafa-al-abbad
Emad Al Dosari,54,bronze,Saudi Arabia,57,58,56,57,46,48,https://wefut.com/player/13/10528/emad-al-dosari
Hussain Shae'an,54,bronze,Saudi Arabia,61,47,55,58,48,52,https://wefut.com/player/13/10503/hussain-shae-an
Marcel Wehr,54,bronze,Germany,57,52,52,56,42,53,https://wefut.com/player/13/10440/marcel-wehr
Reyaad Pieterse,54,bronze,South Africa,55,54,52,56,43,54,https://wefut.com/player/13/10394/reyaad-pieterse
Lee Jin Hyung,54,bronze,Korea Republic,54,52,52,58,48,51,https://wefut.com/player/13/10304/lee-jin-hyung
Michael Schlingermann,54,bronze,Republic of Ireland,55,51,52,56,46,54,https://wefut.com/player/13/10134/michael-schlingermann
Paul Nardi,54,bronze,France,59,53,48,64,54,46,https://wefut.com/player/13/10051/paul-nardi
Lee Sang Gi,54,bronze,Korea Republic,60,50,54,55,52,58,https://wefut.com/player/13/9842/lee-sang-gi
Jordan Pickford,54,bronze,England,60,50,59,51,48,54,https://wefut.com/player/13/9819/jordan-pickford
Andreas Leitner,54,bronze,Austria,58,47,52,61,44,48,https://wefut.com/player/13/9811/andreas-leitner
Lewis Carey,54,bronze,England,53,56,58,54,24,55,https://wefut.com/player/13/9487/lewis-carey
Paik Sun Kyu,54,bronze,Korea Republic,55,56,54,56,23,56,https://wefut.com/player/13/9353/paik-sun-kyu
Mason Springthorpe,54,bronze,England,55,54,51,54,38,54,https://wefut.com/player/13/9270/mason-springthorpe
George Long,54,bronze,England,56,49,45,66,46,48,https://wefut.com/player/13/9122/george-long
Aykut Özer,54,bronze,Turkey,54,57,53,64,53,45,https://wefut.com/player/13/8870/aykut-ozer
Gerard Barron,54,bronze,Republic of Ireland,54,52,53,58,33,52,https://wefut.com/player/13/8355/gerard-barron
Dominique Agostini,54,bronze,France,65,51,42,61,48,45,https://wefut.com/player/13/7888/dominique-agostini
Filippo Lombardi,54,bronze,Italy,55,45,50,65,44,50,https://wefut.com/player/13/7795/filippo-lombardi
Florent Petit,54,bronze,France,52,61,55,56,31,54,https://wefut.com/player/13/7627/florent-petit
Nico Burchert,54,bronze,Germany,57,48,47,61,53,49,https://wefut.com/player/13/7196/nico-burchert
Wolfgang Schober,54,bronze,Austria,57,47,50,56,34,56,https://wefut.com/player/13/6745/wolfgang-schober
Andrew McNulty,54,bronze,Republic of Ireland,55,55,54,58,29,55,https://wefut.com/player/13/6594/andrew-mcnulty
Eugene Ferry,54,bronze,Northern Ireland,56,54,55,56,44,56,https://wefut.com/player/13/5402/eugene-ferry
Wayne Brown,54,bronze,England,56,53,47,61,36,49,https://wefut.com/player/13/2499/wayne-brown
Christopher Bennion,54,bronze,Scotland,53,55,53,55,35,54,https://wefut.com/player/13/2408/christopher-bennion
Dean Delany,54,bronze,Republic of Ireland,55,54,56,57,37,55,https://wefut.com/player/13/420/dean-delany
Kim Se Joon,53,bronzerare,Korea Republic,57,52,45,57,43,47,https://wefut.com/player/13/10257/kim-se-joon
Jan Kjell Larsen,53,bronzerare,Norway,51,42,66,66,56,55,https://wefut.com/player/13/1095/jan-kjell-larsen
Thomas Dau,53,bronze,Austria,55,53,47,54,44,51,https://wefut.com/player/13/12762/thomas-dau
Aaron Siegl,53,bronze,Germany,56,51,48,56,48,51,https://wefut.com/player/13/11034/aaron-siegl
Chun Hong Suk,53,bronze,Korea Republic,55,52,48,57,48,49,https://wefut.com/player/13/10941/chun-hong-suk
Thomas Dau,53,bronze,Austria,55,53,47,54,44,51,https://wefut.com/player/13/10904/thomas-dau
Awidah Al Amry,53,bronze,Saudi Arabia,54,48,51,58,46,54,https://wefut.com/player/13/10802/awidah-al-amry
Matt Acton,53,bronze,Australia,60,45,48,61,40,47,https://wefut.com/player/13/10738/matt-acton
Dean Michiels,53,bronze,Belgium,55,46,51,57,39,53,https://wefut.com/player/13/9908/dean-michiels
Paul Izzo,53,bronze,Australia,56,49,50,61,31,48,https://wefut.com/player/13/9690/paul-izzo
Stephen Trimble,53,bronze,Republic of Ireland,57,53,53,54,34,54,https://wefut.com/player/13/9304/stephen-trimble
Craig Sexton,53,bronze,Republic of Ireland,53,52,51,56,26,53,https://wefut.com/player/13/9060/craig-sexton
Mark McGinley,53,bronze,Republic of Ireland,52,54,51,56,40,54,https://wefut.com/player/13/8356/mark-mcginley
Jo Soo Hyuk,53,bronze,Korea Republic,54,55,59,55,31,54,https://wefut.com/player/13/6322/jo-soo-hyuk
Gareth Stewart,53,bronze,England,45,60,66,54,47,54,https://wefut.com/player/13/333/gareth-stewart
Sam Vermeylen,52,bronzerare,Belgium,56,47,48,54,61,57,https://wefut.com/player/13/7389/sam-vermeylen
Bader Al Deayea,52,bronze,Saudi Arabia,59,52,48,52,48,47,https://wefut.com/player/13/10950/bader-al-deayea
Jannis Pellowski,52,bronze,Germany,56,49,57,56,22,47,https://wefut.com/player/13/10919/jannis-pellowski
Mitchell Braafhart,52,bronze,Netherlands,54,48,51,59,49,48,https://wefut.com/player/13/10776/mitchell-braafhart
Mostafa Al Moelw,52,bronze,Saudi Arabia,56,44,52,57,41,51,https://wefut.com/player/13/10673/mostafa-al-moelw
Patrick Wiegers,52,bronze,Germany,56,50,55,54,48,49,https://wefut.com/player/13/10556/patrick-wiegers
Max Friesacher,52,bronze,Austria,55,53,48,52,42,48,https://wefut.com/player/13/10421/max-friesacher
Lee Jin Kyu,52,bronze,Korea Republic,56,48,53,57,42,45,https://wefut.com/player/13/10300/lee-jin-kyu
Jorgen Rogiers,52,bronze,Belgium,60,42,51,60,43,44,https://wefut.com/player/13/10156/jorgen-rogiers
Kevin Burns,52,bronze,Republic of Ireland,54,48,49,56,44,52,https://wefut.com/player/13/10077/kevin-burns
Günther Arnberger,52,bronze,Austria,57,49,46,51,45,50,https://wefut.com/player/13/9644/gunther-arnberger
John Kelly,52,bronze,Republic of Ireland,55,51,51,54,38,50,https://wefut.com/player/13/9620/john-kelly
Frederik Rønnow,52,bronze,Denmark,51,54,53,42,22,62,https://wefut.com/player/13/8931/frederik-ronnow
Jasper Otte,52,bronze,Belgium,54,56,55,57,60,39,https://wefut.com/player/13/8667/jasper-otte
Brian Kane,52,bronze,Republic of Ireland,55,51,51,53,32,54,https://wefut.com/player/13/7448/brian-kane
Song Dong Jin,52,bronze,Korea Republic,52,55,56,52,25,57,https://wefut.com/player/13/7301/song-dong-jin
Paul Skinner,52,bronze,Republic of Ireland,54,52,49,56,42,51,https://wefut.com/player/13/6928/paul-skinner
Lukas Waltl,51,bronze,Austria,55,47,46,57,41,44,https://wefut.com/player/13/10908/lukas-waltl
Sami Fatha,51,bronze,Saudi Arabia,52,50,50,58,58,43,https://wefut.com/player/13/10806/sami-fatha
Ahmed Al Fahmi,51,bronze,Saudi Arabia,57,45,48,58,46,43,https://wefut.com/player/13/10804/ahmed-al-fahmi
Ibrahim Zaid,51,bronze,Saudi Arabia,59,43,44,51,42,49,https://wefut.com/player/13/10502/ibrahim-zaid
Dean Smith,51,bronze,Republic of Ireland,53,49,48,52,45,51,https://wefut.com/player/13/10395/dean-smith
Mickaël Caradec,51,bronze,France,52,45,42,58,50,54,https://wefut.com/player/13/9548/mickael-caradec
Mark Gillespie,51,bronze,England,54,47,54,62,34,48,https://wefut.com/player/13/8135/mark-gillespie
Michael Esser,52,bronzerare,Germany,53,51,49,51,50,52,https://wefut.com/player/13/7743/stefano-russo
Michael Ingham,51,bronze,Northern Ireland,54,54,48,45,49,53,https://wefut.com/player/13/1013/michael-ingham
Lee Chang Keun,50,bronze,Korea Republic,55,45,55,51,45,47,https://wefut.com/player/13/11012/lee-chang-keun
Michael Hiegl,50,bronze,Germany,52,46,45,54,51,47,https://wefut.com/player/13/10936/michael-hiegl
Martin Siding,50,bronze,Austria,55,44,50,54,41,46,https://wefut.com/player/13/9816/martin-siding
Stefan Pointner,50,bronze,Austria,49,49,45,50,37,53,https://wefut.com/player/13/8934/stefan-pointner
Ben Garratt,50,bronze,England,54,48,46,53,49,48,https://wefut.com/player/13/8898/ben-garratt
Daniel Bentley,50,bronze,England,59,39,47,65,44,41,https://wefut.com/player/13/8226/daniel-bentley
Sebastian Lange,50,bronze,Germany,54,45,52,52,35,46,https://wefut.com/player/13/5677/sebastian-lange
David Hogan,50,bronze,England,50,58,38,47,56,52,https://wefut.com/player/13/5395/david-hogan
Tommy Forecast,49,bronzerare,England,51,49,60,47,61,44,https://wefut.com/player/13/13793/tommy-forecast
Manuel Kuttin,49,bronzerare,Austria,58,40,46,55,44,42,https://wefut.com/player/13/10912/manuel-kuttin
Tommy Forecast,49,bronzerare,England,51,49,60,47,61,44,https://wefut.com/player/13/3992/tommy-forecast
Hong Sang Jun,49,bronze,Korea Republic,50,46,50,50,44,48,https://wefut.com/player/13/10988/hong-sang-jun
Mohammad Al Barih,49,bronze,Saudi Arabia,55,41,42,54,41,44,https://wefut.com/player/13/10959/mohammad-al-barih
Ivan Lucic,49,bronze,Austria,50,43,49,58,40,46,https://wefut.com/player/13/10865/ivan-lucic
Mohammed Al Gomaish,49,bronze,Saudi Arabia,50,49,48,52,45,44,https://wefut.com/player/13/10676/mohammed-al-gomaish
Marius Müller,49,bronze,Germany,56,48,55,52,28,41,https://wefut.com/player/13/10350/marius-muller
Kwon Tae Ahn,49,bronze,Korea Republic,50,51,49,44,53,58,https://wefut.com/player/13/9342/kwon-tae-ahn
Connor Roberts,49,bronze,Wales,46,63,42,45,33,49,https://wefut.com/player/13/8817/connor-roberts
James Severn,49,bronze,England,50,49,51,57,32,41,https://wefut.com/player/13/8714/james-severn
Andy Rafferty,49,bronze,England,54,42,49,62,26,44,https://wefut.com/player/13/8534/andy-rafferty
Martin Rice,49,bronze,England,49,47,57,49,37,52,https://wefut.com/player/13/7495/martin-rice
Ali Al Mazyadi,49,bronze,Saudi Arabia,51,52,44,43,39,54,https://wefut.com/player/13/7219/ali-al-mazyadi
Frederik Gößling,49,bronze,Germany,55,49,35,45,27,51,https://wefut.com/player/13/1347/frederik-gossling
Jonathan Maxted,48,bronze,England,52,42,51,58,45,42,https://wefut.com/player/13/10083/jonathan-maxted
Adam Smith,48,bronze,England,46,45,47,55,24,47,https://wefut.com/player/13/9442/adam-smith
Conor Gough,47,bronzerare,England,46,50,46,47,35,51,https://wefut.com/player/13/8944/conor-gough
Saeid Al Harbi,47,bronze,Saudi Arabia,48,50,50,49,34,46,https://wefut.com/player/13/5270/saeid-al-harbi
Lee Burge,46,bronze,England,45,46,43,50,44,43,https://wefut.com/player/13/9407/lee-burge
Paul Gerrard,43,bronze,England,29,51,59,28,20,61,https://wefut.com/player/13/753/paul-gerrard
Paul Musselwhite,43,bronze,England,38,49,48,42,32,41,https://wefut.com/player/13/264/paul-musselwhite
